1,0,930000.00,Loi Stock -> Fix: 0
4,0,120000.00,Loi Stock -> Fix: 0
23,36,50000.00," | Loi Gia -> Fix"
28,0,80000.00,Loi Stock -> Fix: 0
42,46,50000.00," | Loi Gia -> Fix"
49,0,810000.00,Loi Stock -> Fix: 0
55,29,50000.00," | Loi Gia -> Fix"
61,0,140000.00,Loi Stock -> Fix: 0
66,0,820000.00,Loi Stock -> Fix: 0
101,36,50000.00," | Loi Gia -> Fix"
114,0,510000.00,Loi Stock -> Fix: 0
115,32,50000.00," | Loi Gia -> Fix"
129,9,50000.00," | Loi Gia -> Fix"
134,0,910000.00,Loi Stock -> Fix: 0
144,0,950000.00,Loi Stock -> Fix: 0
145,0,160000.00,Loi Stock -> Fix: 0
161,34,50000.00," | Loi Gia -> Fix"
165,0,870000.00,Loi Stock -> Fix: 0
196,0,180000.00,Loi Stock -> Fix: 0
208,31,50000.00," | Loi Gia -> Fix"
210,49,50000.00," | Loi Gia -> Fix"
233,43,50000.00," | Loi Gia -> Fix"
234,18,50000.00," | Loi Gia -> Fix"
239,23,50000.00," | Loi Gia -> Fix"
244,0,710000.00,Loi Stock -> Fix: 0
256,2,50000.00," | Loi Gia -> Fix"
258,7,50000.00," | Loi Gia -> Fix"
260,0,370000.00,Loi Stock -> Fix: 0
261,0,860000.00,Loi Stock -> Fix: 0
263,41,50000.00," | Loi Gia -> Fix"
268,0,370000.00,Loi Stock -> Fix: 0
269,0,230000.00,Loi Stock -> Fix: 0
280,14,50000.00," | Loi Gia -> Fix"
281,0,100000.00,Loi Stock -> Fix: 0
288,1,50000.00," | Loi Gia -> Fix"
289,0,810000.00,Loi Stock -> Fix: 0
290,11,50000.00," | Loi Gia -> Fix"
291,0,180000.00,Loi Stock -> Fix: 0
293,0,230000.00,Loi Stock -> Fix: 0
316,0,390000.00,Loi Stock -> Fix: 0
319,27,50000.00," | Loi Gia -> Fix"
329,17,50000.00," | Loi Gia -> Fix"
330,0,640000.00,Loi Stock -> Fix: 0
332,0,540000.00,Loi Stock -> Fix: 0
337,29,50000.00," | Loi Gia -> Fix"
357,46,50000.00," | Loi Gia -> Fix"
362,17,50000.00," | Loi Gia -> Fix"
373,0,160000.00,Loi Stock -> Fix: 0
376,0,430000.00,Loi Stock -> Fix: 0
393,0,700000.00,Loi Stock -> Fix: 0
400,0,680000.00,Loi Stock -> Fix: 0
406,43,50000.00," | Loi Gia -> Fix"
412,0,150000.00,Loi Stock -> Fix: 0
418,18,50000.00," | Loi Gia -> Fix"
420,0,280000.00,Loi Stock -> Fix: 0
424,44,50000.00," | Loi Gia -> Fix"
429,10,50000.00," | Loi Gia -> Fix"
440,37,50000.00," | Loi Gia -> Fix"
448,9,50000.00," | Loi Gia -> Fix"
459,43,50000.00," | Loi Gia -> Fix"
464,32,50000.00," | Loi Gia -> Fix"
479,44,50000.00," | Loi Gia -> Fix"
494,44,50000.00," | Loi Gia -> Fix"
504,18,50000.00," | Loi Gia -> Fix"
518,30,50000.00," | Loi Gia -> Fix"
522,0,270000.00,Loi Stock -> Fix: 0
529,45,50000.00," | Loi Gia -> Fix"
532,45,50000.00," | Loi Gia -> Fix"
543,0,310000.00,Loi Stock -> Fix: 0
553,29,50000.00," | Loi Gia -> Fix"
559,0,830000.00,Loi Stock -> Fix: 0
571,0,510000.00,Loi Stock -> Fix: 0
574,10,50000.00," | Loi Gia -> Fix"
589,5,50000.00," | Loi Gia -> Fix"
592,0,550000.00,Loi Stock -> Fix: 0
596,14,50000.00," | Loi Gia -> Fix"
602,6,50000.00," | Loi Gia -> Fix"
605,0,660000.00,Loi Stock -> Fix: 0
620,0,700000.00,Loi Stock -> Fix: 0
623,0,100000.00,Loi Stock -> Fix: 0
625,42,50000.00," | Loi Gia -> Fix"
634,40,50000.00," | Loi Gia -> Fix"
641,0,590000.00,Loi Stock -> Fix: 0
643,16,50000.00," | Loi Gia -> Fix"
645,0,220000.00,Loi Stock -> Fix: 0
648,27,50000.00," | Loi Gia -> Fix"
653,0,890000.00,Loi Stock -> Fix: 0
673,42,50000.00," | Loi Gia -> Fix"
676,13,50000.00," | Loi Gia -> Fix"
677,34,50000.00," | Loi Gia -> Fix"
678,32,50000.00," | Loi Gia -> Fix"
693,0,840000.00,Loi Stock -> Fix: 0
695,0,70000.00,Loi Stock -> Fix: 0
701,41,50000.00," | Loi Gia -> Fix"
706,49,50000.00," | Loi Gia -> Fix"
709,0,170000.00,Loi Stock -> Fix: 0
722,40,50000.00," | Loi Gia -> Fix"
740,28,50000.00," | Loi Gia -> Fix"
743,21,50000.00," | Loi Gia -> Fix"
745,0,150000.00,Loi Stock -> Fix: 0
752,0,540000.00,Loi Stock -> Fix: 0
753,0,420000.00,Loi Stock -> Fix: 0
756,18,50000.00," | Loi Gia -> Fix"
761,0,480000.00,Loi Stock -> Fix: 0
771,18,50000.00," | Loi Gia -> Fix"
778,12,50000.00," | Loi Gia -> Fix"
788,8,50000.00," | Loi Gia -> Fix"
792,0,930000.00,Loi Stock -> Fix: 0
803,29,50000.00," | Loi Gia -> Fix"
810,35,50000.00," | Loi Gia -> Fix"
811,0,280000.00,Loi Stock -> Fix: 0
820,0,710000.00,Loi Stock -> Fix: 0
823,44,50000.00," | Loi Gia -> Fix"
828,46,50000.00," | Loi Gia -> Fix"
832,43,50000.00," | Loi Gia -> Fix"
834,47,50000.00," | Loi Gia -> Fix"
836,0,150000.00,Loi Stock -> Fix: 0
842,20,50000.00," | Loi Gia -> Fix"
858,23,50000.00," | Loi Gia -> Fix"
867,14,50000.00," | Loi Gia -> Fix"
880,9,50000.00," | Loi Gia -> Fix"
892,37,50000.00," | Loi Gia -> Fix"
900,0,760000.00,Loi Stock -> Fix: 0
901,0,600000.00,Loi Stock -> Fix: 0
916,0,220000.00,Loi Stock -> Fix: 0
922,28,50000.00," | Loi Gia -> Fix"
926,4,50000.00," | Loi Gia -> Fix"
928,0,200000.00,Loi Stock -> Fix: 0
938,32,50000.00," | Loi Gia -> Fix"
940,0,230000.00,Loi Stock -> Fix: 0
943,32,50000.00," | Loi Gia -> Fix"
964,40,50000.00," | Loi Gia -> Fix"
969,23,50000.00," | Loi Gia -> Fix"
977,42,50000.00," | Loi Gia -> Fix"
997,0,250000.00,Loi Stock -> Fix: 0
1007,40,50000.00," | Loi Gia -> Fix"
1013,33,50000.00," | Loi Gia -> Fix"
1015,0,120000.00,Loi Stock -> Fix: 0
1035,17,50000.00," | Loi Gia -> Fix"
1045,9,50000.00," | Loi Gia -> Fix"
1070,21,50000.00," | Loi Gia -> Fix"
1073,48,50000.00," | Loi Gia -> Fix"
1077,32,50000.00," | Loi Gia -> Fix"
1098,0,960000.00,Loi Stock -> Fix: 0
1103,0,960000.00,Loi Stock -> Fix: 0
1119,30,50000.00," | Loi Gia -> Fix"
1121,17,50000.00," | Loi Gia -> Fix"
1125,0,290000.00,Loi Stock -> Fix: 0
1135,4,50000.00," | Loi Gia -> Fix"
1136,0,310000.00,Loi Stock -> Fix: 0
1137,0,410000.00,Loi Stock -> Fix: 0
1139,0,280000.00,Loi Stock -> Fix: 0
1148,6,50000.00," | Loi Gia -> Fix"
1149,30,50000.00," | Loi Gia -> Fix"
1159,30,50000.00," | Loi Gia -> Fix"
1165,20,50000.00," | Loi Gia -> Fix"
1182,32,50000.00," | Loi Gia -> Fix"
1185,0,870000.00,Loi Stock -> Fix: 0
1189,40,50000.00," | Loi Gia -> Fix"
1198,0,980000.00,Loi Stock -> Fix: 0
1207,0,770000.00,Loi Stock -> Fix: 0
1224,10,50000.00," | Loi Gia -> Fix"
1226,18,50000.00," | Loi Gia -> Fix"
1235,0,830000.00,Loi Stock -> Fix: 0
1238,0,260000.00,Loi Stock -> Fix: 0
1245,42,50000.00," | Loi Gia -> Fix"
1256,0,690000.00,Loi Stock -> Fix: 0
1262,0,90000.00,Loi Stock -> Fix: 0
1267,15,50000.00," | Loi Gia -> Fix"
1276,36,50000.00," | Loi Gia -> Fix"
1280,0,620000.00,Loi Stock -> Fix: 0
1281,0,570000.00,Loi Stock -> Fix: 0
1282,28,50000.00," | Loi Gia -> Fix"
1284,0,560000.00,Loi Stock -> Fix: 0
1287,41,50000.00," | Loi Gia -> Fix"
1295,12,50000.00," | Loi Gia -> Fix"
1297,0,910000.00,Loi Stock -> Fix: 0
1301,0,1000000.00,Loi Stock -> Fix: 0
1306,26,50000.00," | Loi Gia -> Fix"
1309,18,50000.00," | Loi Gia -> Fix"
1315,30,50000.00," | Loi Gia -> Fix"
1334,0,590000.00,Loi Stock -> Fix: 0
1343,0,850000.00,Loi Stock -> Fix: 0
1360,0,840000.00,Loi Stock -> Fix: 0
1365,44,50000.00," | Loi Gia -> Fix"
1368,0,160000.00,Loi Stock -> Fix: 0
1383,0,740000.00,Loi Stock -> Fix: 0
1393,29,50000.00," | Loi Gia -> Fix"
1394,10,50000.00," | Loi Gia -> Fix"
1403,0,850000.00,Loi Stock -> Fix: 0
1415,0,380000.00,Loi Stock -> Fix: 0
1435,49,50000.00," | Loi Gia -> Fix"
1452,0,760000.00,Loi Stock -> Fix: 0
1460,34,50000.00," | Loi Gia -> Fix"
1463,0,670000.00,Loi Stock -> Fix: 0
1479,47,50000.00," | Loi Gia -> Fix"
1490,37,50000.00," | Loi Gia -> Fix"
1492,0,750000.00,Loi Stock -> Fix: 0
1497,0,50000.00,Loi Stock -> Fix: 0
1498,0,270000.00,Loi Stock -> Fix: 0
1517,40,50000.00," | Loi Gia -> Fix"
1522,35,50000.00," | Loi Gia -> Fix"
1524,0,930000.00,Loi Stock -> Fix: 0
1529,40,50000.00," | Loi Gia -> Fix"
1535,22,50000.00," | Loi Gia -> Fix"
1541,0,350000.00,Loi Stock -> Fix: 0
1544,0,180000.00,Loi Stock -> Fix: 0
1562,0,630000.00,Loi Stock -> Fix: 0
1570,0,50000.00,Loi Stock -> Fix: 0
1574,17,50000.00," | Loi Gia -> Fix"
1577,0,250000.00,Loi Stock -> Fix: 0
1583,39,50000.00," | Loi Gia -> Fix"
1584,49,50000.00," | Loi Gia -> Fix"
1586,2,50000.00," | Loi Gia -> Fix"
1605,0,380000.00,Loi Stock -> Fix: 0
1611,6,50000.00," | Loi Gia -> Fix"
1612,17,50000.00," | Loi Gia -> Fix"
1620,20,50000.00," | Loi Gia -> Fix"
1631,14,50000.00," | Loi Gia -> Fix"
1645,20,50000.00," | Loi Gia -> Fix"
1653,3,50000.00," | Loi Gia -> Fix"
1654,14,50000.00," | Loi Gia -> Fix"
1661,50,50000.00," | Loi Gia -> Fix"
1665,0,470000.00,Loi Stock -> Fix: 0
1666,0,540000.00,Loi Stock -> Fix: 0
1704,24,50000.00," | Loi Gia -> Fix"
1706,18,50000.00," | Loi Gia -> Fix"
1707,29,50000.00," | Loi Gia -> Fix"
1714,0,760000.00,Loi Stock -> Fix: 0
1719,31,50000.00," | Loi Gia -> Fix"
1723,34,50000.00," | Loi Gia -> Fix"
1730,0,830000.00,Loi Stock -> Fix: 0
1738,49,50000.00," | Loi Gia -> Fix"
1748,0,460000.00,Loi Stock -> Fix: 0
1756,28,50000.00," | Loi Gia -> Fix"
1763,0,570000.00,Loi Stock -> Fix: 0
1781,40,50000.00," | Loi Gia -> Fix"
1784,0,490000.00,Loi Stock -> Fix: 0
1795,3,50000.00," | Loi Gia -> Fix"
1803,35,50000.00," | Loi Gia -> Fix"
1817,0,240000.00,Loi Stock -> Fix: 0
1823,7,50000.00," | Loi Gia -> Fix"
1825,0,340000.00,Loi Stock -> Fix: 0
1826,49,50000.00," | Loi Gia -> Fix"
1835,0,580000.00,Loi Stock -> Fix: 0
1838,7,50000.00," | Loi Gia -> Fix"
1839,0,380000.00,Loi Stock -> Fix: 0
1840,30,50000.00," | Loi Gia -> Fix"
1852,24,50000.00," | Loi Gia -> Fix"
1859,13,50000.00," | Loi Gia -> Fix"
1870,4,50000.00," | Loi Gia -> Fix"
1879,0,650000.00,Loi Stock -> Fix: 0
1886,0,730000.00,Loi Stock -> Fix: 0
1892,9,50000.00," | Loi Gia -> Fix"
1899,0,460000.00,Loi Stock -> Fix: 0
1903,0,630000.00,Loi Stock -> Fix: 0
1905,0,570000.00,Loi Stock -> Fix: 0
1925,24,50000.00," | Loi Gia -> Fix"
1928,0,900000.00,Loi Stock -> Fix: 0
1938,7,50000.00," | Loi Gia -> Fix"
1948,0,620000.00,Loi Stock -> Fix: 0
1949,0,380000.00,Loi Stock -> Fix: 0
1951,0,310000.00,Loi Stock -> Fix: 0
1962,6,50000.00," | Loi Gia -> Fix"
1968,15,50000.00," | Loi Gia -> Fix"
1979,44,50000.00," | Loi Gia -> Fix"
1989,0,710000.00,Loi Stock -> Fix: 0
1991,0,640000.00,Loi Stock -> Fix: 0
1992,25,50000.00," | Loi Gia -> Fix"
2010,0,920000.00,Loi Stock -> Fix: 0
2015,6,50000.00," | Loi Gia -> Fix"
2016,0,910000.00,Loi Stock -> Fix: 0
2019,0,130000.00,Loi Stock -> Fix: 0
2027,21,50000.00," | Loi Gia -> Fix"
2028,16,50000.00," | Loi Gia -> Fix"
2032,38,50000.00," | Loi Gia -> Fix"
2050,24,50000.00," | Loi Gia -> Fix"
2054,47,50000.00," | Loi Gia -> Fix"
2056,2,50000.00," | Loi Gia -> Fix"
2064,0,780000.00,Loi Stock -> Fix: 0
2065,0,580000.00,Loi Stock -> Fix: 0
2066,0,720000.00,Loi Stock -> Fix: 0
2069,0,440000.00,Loi Stock -> Fix: 0
2074,0,800000.00,Loi Stock -> Fix: 0
2078,0,20000.00,Loi Stock -> Fix: 0
2081,0,680000.00,Loi Stock -> Fix: 0
2085,0,730000.00,Loi Stock -> Fix: 0
2087,0,810000.00,Loi Stock -> Fix: 0
2088,0,420000.00,Loi Stock -> Fix: 0
2089,43,50000.00," | Loi Gia -> Fix"
2091,0,300000.00,Loi Stock -> Fix: 0
2098,7,50000.00," | Loi Gia -> Fix"
2099,0,70000.00,Loi Stock -> Fix: 0
2115,48,50000.00," | Loi Gia -> Fix"
2117,0,500000.00,Loi Stock -> Fix: 0
2134,38,50000.00," | Loi Gia -> Fix"
2139,0,960000.00,Loi Stock -> Fix: 0
2144,0,450000.00,Loi Stock -> Fix: 0
2145,0,450000.00,Loi Stock -> Fix: 0
2148,0,550000.00,Loi Stock -> Fix: 0
2157,25,50000.00," | Loi Gia -> Fix"
2159,0,200000.00,Loi Stock -> Fix: 0
2174,0,390000.00,Loi Stock -> Fix: 0
2193,0,100000.00,Loi Stock -> Fix: 0
2211,11,50000.00," | Loi Gia -> Fix"
2215,45,50000.00," | Loi Gia -> Fix"
2221,26,50000.00," | Loi Gia -> Fix"
2229,18,50000.00," | Loi Gia -> Fix"
2236,11,50000.00," | Loi Gia -> Fix"
2238,32,50000.00," | Loi Gia -> Fix"
2244,0,110000.00,Loi Stock -> Fix: 0
2248,0,580000.00,Loi Stock -> Fix: 0
2261,6,50000.00," | Loi Gia -> Fix"
2268,45,50000.00," | Loi Gia -> Fix"
2271,0,800000.00,Loi Stock -> Fix: 0
2276,0,830000.00,Loi Stock -> Fix: 0
2280,0,440000.00,Loi Stock -> Fix: 0
2294,50,50000.00," | Loi Gia -> Fix"
2301,9,50000.00," | Loi Gia -> Fix"
2303,8,50000.00," | Loi Gia -> Fix"
2309,33,50000.00," | Loi Gia -> Fix"
2316,14,50000.00," | Loi Gia -> Fix"
2320,8,50000.00," | Loi Gia -> Fix"
2322,13,50000.00," | Loi Gia -> Fix"
2329,0,740000.00,Loi Stock -> Fix: 0
2330,16,50000.00," | Loi Gia -> Fix"
2339,37,50000.00," | Loi Gia -> Fix"
2344,0,940000.00,Loi Stock -> Fix: 0
2355,0,1000000.00,Loi Stock -> Fix: 0
2360,22,50000.00," | Loi Gia -> Fix"
2376,36,50000.00," | Loi Gia -> Fix"
2380,0,340000.00,Loi Stock -> Fix: 0
2387,0,390000.00,Loi Stock -> Fix: 0
2406,0,160000.00,Loi Stock -> Fix: 0
2411,0,190000.00,Loi Stock -> Fix: 0
2415,0,260000.00,Loi Stock -> Fix: 0
2417,39,50000.00," | Loi Gia -> Fix"
2420,42,50000.00," | Loi Gia -> Fix"
2437,0,950000.00,Loi Stock -> Fix: 0
2440,4,50000.00," | Loi Gia -> Fix"
2442,35,50000.00," | Loi Gia -> Fix"
2455,40,50000.00," | Loi Gia -> Fix"
2465,0,570000.00,Loi Stock -> Fix: 0
2468,0,740000.00,Loi Stock -> Fix: 0
2472,0,370000.00,Loi Stock -> Fix: 0
2484,0,790000.00,Loi Stock -> Fix: 0
2495,0,350000.00,Loi Stock -> Fix: 0
2501,0,60000.00,Loi Stock -> Fix: 0
2502,22,50000.00," | Loi Gia -> Fix"
2505,47,50000.00," | Loi Gia -> Fix"
2506,42,50000.00," | Loi Gia -> Fix"
2514,0,940000.00,Loi Stock -> Fix: 0
2516,0,540000.00,Loi Stock -> Fix: 0
2518,11,50000.00," | Loi Gia -> Fix"
2521,18,50000.00," | Loi Gia -> Fix"
2528,47,50000.00," | Loi Gia -> Fix"
2529,50,50000.00," | Loi Gia -> Fix"
2532,0,700000.00,Loi Stock -> Fix: 0
2534,35,50000.00," | Loi Gia -> Fix"
2535,12,50000.00," | Loi Gia -> Fix"
2538,0,280000.00,Loi Stock -> Fix: 0
2551,43,50000.00," | Loi Gia -> Fix"
2554,48,50000.00," | Loi Gia -> Fix"
2561,0,280000.00,Loi Stock -> Fix: 0
2565,0,20000.00,Loi Stock -> Fix: 0
2569,26,50000.00," | Loi Gia -> Fix"
2581,0,40000.00,Loi Stock -> Fix: 0
2587,0,680000.00,Loi Stock -> Fix: 0
2591,36,50000.00," | Loi Gia -> Fix"
2601,14,50000.00," | Loi Gia -> Fix"
2606,8,50000.00," | Loi Gia -> Fix"
2612,3,50000.00," | Loi Gia -> Fix"
2616,0,350000.00,Loi Stock -> Fix: 0
2619,0,300000.00,Loi Stock -> Fix: 0
2627,44,50000.00," | Loi Gia -> Fix"
2631,18,50000.00," | Loi Gia -> Fix"
2633,20,50000.00," | Loi Gia -> Fix"
2648,40,50000.00," | Loi Gia -> Fix"
2649,0,220000.00,Loi Stock -> Fix: 0
2662,0,790000.00,Loi Stock -> Fix: 0
2669,0,230000.00,Loi Stock -> Fix: 0
2671,0,950000.00,Loi Stock -> Fix: 0
2672,0,710000.00,Loi Stock -> Fix: 0
2686,0,370000.00,Loi Stock -> Fix: 0
2691,44,50000.00," | Loi Gia -> Fix"
2698,0,790000.00,Loi Stock -> Fix: 0
2702,35,50000.00," | Loi Gia -> Fix"
2705,29,50000.00," | Loi Gia -> Fix"
2712,4,50000.00," | Loi Gia -> Fix"
2714,0,630000.00,Loi Stock -> Fix: 0
2715,45,50000.00," | Loi Gia -> Fix"
2727,0,660000.00,Loi Stock -> Fix: 0
2729,0,890000.00,Loi Stock -> Fix: 0
2731,44,50000.00," | Loi Gia -> Fix"
2780,0,60000.00,Loi Stock -> Fix: 0
2786,48,50000.00," | Loi Gia -> Fix"
2788,0,330000.00,Loi Stock -> Fix: 0
2790,0,490000.00,Loi Stock -> Fix: 0
2791,0,80000.00,Loi Stock -> Fix: 0
2803,0,400000.00,Loi Stock -> Fix: 0
2808,0,360000.00,Loi Stock -> Fix: 0
2831,0,1000000.00,Loi Stock -> Fix: 0
2835,24,50000.00," | Loi Gia -> Fix"
2839,30,50000.00," | Loi Gia -> Fix"
2840,34,50000.00," | Loi Gia -> Fix"
2846,7,50000.00," | Loi Gia -> Fix"
2851,0,660000.00,Loi Stock -> Fix: 0
2868,11,50000.00," | Loi Gia -> Fix"
2869,29,50000.00," | Loi Gia -> Fix"
2884,0,510000.00,Loi Stock -> Fix: 0
2886,0,530000.00,Loi Stock -> Fix: 0
2907,0,650000.00,Loi Stock -> Fix: 0
2909,9,50000.00," | Loi Gia -> Fix"
2923,35,50000.00," | Loi Gia -> Fix"
2934,0,490000.00,Loi Stock -> Fix: 0
2937,15,50000.00," | Loi Gia -> Fix"
2939,0,460000.00,Loi Stock -> Fix: 0
2943,0,20000.00,Loi Stock -> Fix: 0
2959,24,50000.00," | Loi Gia -> Fix"
2962,0,900000.00,Loi Stock -> Fix: 0
2974,0,1000000.00,Loi Stock -> Fix: 0
2978,0,530000.00,Loi Stock -> Fix: 0
2988,7,50000.00," | Loi Gia -> Fix"
2990,50,50000.00," | Loi Gia -> Fix"
3003,31,50000.00," | Loi Gia -> Fix"
3006,0,650000.00,Loi Stock -> Fix: 0
3010,10,50000.00," | Loi Gia -> Fix"
3013,49,50000.00," | Loi Gia -> Fix"
3017,36,50000.00," | Loi Gia -> Fix"
3019,0,790000.00,Loi Stock -> Fix: 0
3027,29,50000.00," | Loi Gia -> Fix"
3030,0,730000.00,Loi Stock -> Fix: 0
3063,0,560000.00,Loi Stock -> Fix: 0
3074,0,60000.00,Loi Stock -> Fix: 0
3092,35,50000.00," | Loi Gia -> Fix"
3099,0,470000.00,Loi Stock -> Fix: 0
3101,0,940000.00,Loi Stock -> Fix: 0
3102,4,50000.00," | Loi Gia -> Fix"
3111,33,50000.00," | Loi Gia -> Fix"
3115,0,400000.00,Loi Stock -> Fix: 0
3121,5,50000.00," | Loi Gia -> Fix"
3129,0,10000.00,Loi Stock -> Fix: 0
3146,11,50000.00," | Loi Gia -> Fix"
3150,14,50000.00," | Loi Gia -> Fix"
3179,16,50000.00," | Loi Gia -> Fix"
3187,0,910000.00,Loi Stock -> Fix: 0
3191,0,20000.00,Loi Stock -> Fix: 0
3201,0,920000.00,Loi Stock -> Fix: 0
3204,29,50000.00," | Loi Gia -> Fix"
3207,0,80000.00,Loi Stock -> Fix: 0
3210,0,790000.00,Loi Stock -> Fix: 0
3230,44,50000.00," | Loi Gia -> Fix"
3246,0,20000.00,Loi Stock -> Fix: 0
3250,38,50000.00," | Loi Gia -> Fix"
3260,0,230000.00,Loi Stock -> Fix: 0
3274,42,50000.00," | Loi Gia -> Fix"
3286,0,700000.00,Loi Stock -> Fix: 0
3294,0,600000.00,Loi Stock -> Fix: 0
3310,2,50000.00," | Loi Gia -> Fix"
3313,40,50000.00," | Loi Gia -> Fix"
3314,20,50000.00," | Loi Gia -> Fix"
3324,37,50000.00," | Loi Gia -> Fix"
3329,37,50000.00," | Loi Gia -> Fix"
3330,32,50000.00," | Loi Gia -> Fix"
3340,13,50000.00," | Loi Gia -> Fix"
3341,18,50000.00," | Loi Gia -> Fix"
3343,12,50000.00," | Loi Gia -> Fix"
3347,0,440000.00,Loi Stock -> Fix: 0
3351,5,50000.00," | Loi Gia -> Fix"
3356,9,50000.00," | Loi Gia -> Fix"
3361,0,660000.00,Loi Stock -> Fix: 0
3363,0,560000.00,Loi Stock -> Fix: 0
3366,22,50000.00," | Loi Gia -> Fix"
3374,2,50000.00," | Loi Gia -> Fix"
3375,24,50000.00," | Loi Gia -> Fix"
3380,10,50000.00," | Loi Gia -> Fix"
3386,2,50000.00," | Loi Gia -> Fix"
3401,0,370000.00,Loi Stock -> Fix: 0
3407,0,930000.00,Loi Stock -> Fix: 0
3408,0,610000.00,Loi Stock -> Fix: 0
3420,0,440000.00,Loi Stock -> Fix: 0
3425,0,690000.00,Loi Stock -> Fix: 0
3429,0,310000.00,Loi Stock -> Fix: 0
3433,27,50000.00," | Loi Gia -> Fix"
3436,0,230000.00,Loi Stock -> Fix: 0
3437,32,50000.00," | Loi Gia -> Fix"
3448,0,1000000.00,Loi Stock -> Fix: 0
3468,0,560000.00,Loi Stock -> Fix: 0
3469,18,50000.00," | Loi Gia -> Fix"
3481,15,50000.00," | Loi Gia -> Fix"
3482,0,980000.00,Loi Stock -> Fix: 0
3487,0,280000.00,Loi Stock -> Fix: 0
3488,0,190000.00,Loi Stock -> Fix: 0
3491,37,50000.00," | Loi Gia -> Fix"
3496,0,630000.00,Loi Stock -> Fix: 0
3501,0,890000.00,Loi Stock -> Fix: 0
3505,19,50000.00," | Loi Gia -> Fix"
3508,33,50000.00," | Loi Gia -> Fix"
3519,37,50000.00," | Loi Gia -> Fix"
3521,0,150000.00,Loi Stock -> Fix: 0
3522,0,790000.00,Loi Stock -> Fix: 0
3529,18,50000.00," | Loi Gia -> Fix"
3530,0,450000.00,Loi Stock -> Fix: 0
3539,0,310000.00,Loi Stock -> Fix: 0
3551,40,50000.00," | Loi Gia -> Fix"
3556,40,50000.00," | Loi Gia -> Fix"
3557,0,20000.00,Loi Stock -> Fix: 0
3564,26,50000.00," | Loi Gia -> Fix"
3571,21,50000.00," | Loi Gia -> Fix"
3574,29,50000.00," | Loi Gia -> Fix"
3577,0,570000.00,Loi Stock -> Fix: 0
3582,0,240000.00,Loi Stock -> Fix: 0
3600,20,50000.00," | Loi Gia -> Fix"
3608,0,230000.00,Loi Stock -> Fix: 0
3629,0,510000.00,Loi Stock -> Fix: 0
3653,0,550000.00,Loi Stock -> Fix: 0
3655,25,50000.00," | Loi Gia -> Fix"
3657,9,50000.00," | Loi Gia -> Fix"
3658,0,110000.00,Loi Stock -> Fix: 0
3659,36,50000.00," | Loi Gia -> Fix"
3663,21,50000.00," | Loi Gia -> Fix"
3673,0,280000.00,Loi Stock -> Fix: 0
3688,0,60000.00,Loi Stock -> Fix: 0
3694,0,940000.00,Loi Stock -> Fix: 0
3697,45,50000.00," | Loi Gia -> Fix"
3704,13,50000.00," | Loi Gia -> Fix"
3706,0,210000.00,Loi Stock -> Fix: 0
3714,31,50000.00," | Loi Gia -> Fix"
3726,0,610000.00,Loi Stock -> Fix: 0
3739,0,950000.00,Loi Stock -> Fix: 0
3756,47,50000.00," | Loi Gia -> Fix"
3758,22,50000.00," | Loi Gia -> Fix"
3759,45,50000.00," | Loi Gia -> Fix"
3762,0,850000.00,Loi Stock -> Fix: 0
3764,47,50000.00," | Loi Gia -> Fix"
3773,10,50000.00," | Loi Gia -> Fix"
3793,0,900000.00,Loi Stock -> Fix: 0
3800,0,760000.00,Loi Stock -> Fix: 0
3820,0,660000.00,Loi Stock -> Fix: 0
3836,4,50000.00," | Loi Gia -> Fix"
3841,0,740000.00,Loi Stock -> Fix: 0
3844,0,70000.00,Loi Stock -> Fix: 0
3853,32,50000.00," | Loi Gia -> Fix"
3860,32,50000.00," | Loi Gia -> Fix"
3871,20,50000.00," | Loi Gia -> Fix"
3883,11,50000.00," | Loi Gia -> Fix"
3887,2,50000.00," | Loi Gia -> Fix"
3893,46,50000.00," | Loi Gia -> Fix"
3896,0,420000.00,Loi Stock -> Fix: 0
3900,10,50000.00," | Loi Gia -> Fix"
3902,33,50000.00," | Loi Gia -> Fix"
3921,0,390000.00,Loi Stock -> Fix: 0
3922,50,50000.00," | Loi Gia -> Fix"
3934,31,50000.00," | Loi Gia -> Fix"
3941,0,640000.00,Loi Stock -> Fix: 0
3949,24,50000.00," | Loi Gia -> Fix"
3951,46,50000.00," | Loi Gia -> Fix"
3969,0,700000.00,Loi Stock -> Fix: 0
3979,38,50000.00," | Loi Gia -> Fix"
3983,21,50000.00," | Loi Gia -> Fix"
3989,45,50000.00," | Loi Gia -> Fix"
3992,0,680000.00,Loi Stock -> Fix: 0
3997,0,20000.00,Loi Stock -> Fix: 0
4001,0,440000.00,Loi Stock -> Fix: 0
4003,0,460000.00,Loi Stock -> Fix: 0
4013,49,50000.00," | Loi Gia -> Fix"
4020,0,850000.00,Loi Stock -> Fix: 0
4021,48,50000.00," | Loi Gia -> Fix"
4028,0,840000.00,Loi Stock -> Fix: 0
4031,44,50000.00," | Loi Gia -> Fix"
4039,2,50000.00," | Loi Gia -> Fix"
4049,14,50000.00," | Loi Gia -> Fix"
4067,14,50000.00," | Loi Gia -> Fix"
4069,0,690000.00,Loi Stock -> Fix: 0
4070,12,50000.00," | Loi Gia -> Fix"
4081,21,50000.00," | Loi Gia -> Fix"
4122,47,50000.00," | Loi Gia -> Fix"
4124,19,50000.00," | Loi Gia -> Fix"
4130,0,290000.00,Loi Stock -> Fix: 0
4148,0,590000.00,Loi Stock -> Fix: 0
4153,38,50000.00," | Loi Gia -> Fix"
4155,14,50000.00," | Loi Gia -> Fix"
4158,0,1000000.00,Loi Stock -> Fix: 0
4170,49,50000.00," | Loi Gia -> Fix"
4176,26,50000.00," | Loi Gia -> Fix"
4181,31,50000.00," | Loi Gia -> Fix"
4193,0,170000.00,Loi Stock -> Fix: 0
4196,0,830000.00,Loi Stock -> Fix: 0
4202,0,910000.00,Loi Stock -> Fix: 0
4204,0,300000.00,Loi Stock -> Fix: 0
4207,0,120000.00,Loi Stock -> Fix: 0
4214,0,200000.00,Loi Stock -> Fix: 0
4227,7,50000.00," | Loi Gia -> Fix"
4243,22,50000.00," | Loi Gia -> Fix"
4256,0,400000.00,Loi Stock -> Fix: 0
4261,0,480000.00,Loi Stock -> Fix: 0
4264,0,220000.00,Loi Stock -> Fix: 0
4279,13,50000.00," | Loi Gia -> Fix"
4292,0,290000.00,Loi Stock -> Fix: 0
4295,46,50000.00," | Loi Gia -> Fix"
4299,26,50000.00," | Loi Gia -> Fix"
4300,0,780000.00,Loi Stock -> Fix: 0
4301,0,210000.00,Loi Stock -> Fix: 0
4307,0,760000.00,Loi Stock -> Fix: 0
4314,37,50000.00," | Loi Gia -> Fix"
4318,31,50000.00," | Loi Gia -> Fix"
4320,22,50000.00," | Loi Gia -> Fix"
4340,0,340000.00,Loi Stock -> Fix: 0
4342,0,90000.00,Loi Stock -> Fix: 0
4353,45,50000.00," | Loi Gia -> Fix"
4356,16,50000.00," | Loi Gia -> Fix"
4363,0,670000.00,Loi Stock -> Fix: 0
4369,0,540000.00,Loi Stock -> Fix: 0
4370,33,50000.00," | Loi Gia -> Fix"
4382,0,520000.00,Loi Stock -> Fix: 0
4390,0,920000.00,Loi Stock -> Fix: 0
4395,15,50000.00," | Loi Gia -> Fix"
4406,1,50000.00," | Loi Gia -> Fix"
4410,2,50000.00," | Loi Gia -> Fix"
4420,0,630000.00,Loi Stock -> Fix: 0
4422,7,50000.00," | Loi Gia -> Fix"
4429,0,60000.00,Loi Stock -> Fix: 0
4460,31,50000.00," | Loi Gia -> Fix"
4463,0,250000.00,Loi Stock -> Fix: 0
4465,11,50000.00," | Loi Gia -> Fix"
4467,0,10000.00,Loi Stock -> Fix: 0
4473,17,50000.00," | Loi Gia -> Fix"
4483,0,170000.00,Loi Stock -> Fix: 0
4485,46,50000.00," | Loi Gia -> Fix"
4493,46,50000.00," | Loi Gia -> Fix"
4504,0,90000.00,Loi Stock -> Fix: 0
4520,26,50000.00," | Loi Gia -> Fix"
4528,30,50000.00," | Loi Gia -> Fix"
4529,25,50000.00," | Loi Gia -> Fix"
4538,1,50000.00," | Loi Gia -> Fix"
4546,0,550000.00,Loi Stock -> Fix: 0
4550,40,50000.00," | Loi Gia -> Fix"
4551,50,50000.00," | Loi Gia -> Fix"
4552,0,660000.00,Loi Stock -> Fix: 0
4554,48,50000.00," | Loi Gia -> Fix"
4556,14,50000.00," | Loi Gia -> Fix"
4557,34,50000.00," | Loi Gia -> Fix"
4562,0,40000.00,Loi Stock -> Fix: 0
4565,0,630000.00,Loi Stock -> Fix: 0
4573,41,50000.00," | Loi Gia -> Fix"
4578,3,50000.00," | Loi Gia -> Fix"
4592,0,20000.00,Loi Stock -> Fix: 0
4596,37,50000.00," | Loi Gia -> Fix"
4598,48,50000.00," | Loi Gia -> Fix"
4601,12,50000.00," | Loi Gia -> Fix"
4604,0,450000.00,Loi Stock -> Fix: 0
4605,0,930000.00,Loi Stock -> Fix: 0
4606,10,50000.00," | Loi Gia -> Fix"
4609,0,220000.00,Loi Stock -> Fix: 0
4625,17,50000.00," | Loi Gia -> Fix"
4636,0,640000.00,Loi Stock -> Fix: 0
4638,0,480000.00,Loi Stock -> Fix: 0
4640,4,50000.00," | Loi Gia -> Fix"
4647,0,280000.00,Loi Stock -> Fix: 0
4649,38,50000.00," | Loi Gia -> Fix"
4651,23,50000.00," | Loi Gia -> Fix"
4663,0,840000.00,Loi Stock -> Fix: 0
4672,0,900000.00,Loi Stock -> Fix: 0
4673,19,50000.00," | Loi Gia -> Fix"
4674,38,50000.00," | Loi Gia -> Fix"
4679,23,50000.00," | Loi Gia -> Fix"
4697,0,990000.00,Loi Stock -> Fix: 0
4701,21,50000.00," | Loi Gia -> Fix"
4705,10,50000.00," | Loi Gia -> Fix"
4709,17,50000.00," | Loi Gia -> Fix"
4713,0,970000.00,Loi Stock -> Fix: 0
4719,0,810000.00,Loi Stock -> Fix: 0
4742,43,50000.00," | Loi Gia -> Fix"
4758,50,50000.00," | Loi Gia -> Fix"
4764,29,50000.00," | Loi Gia -> Fix"
4766,18,50000.00," | Loi Gia -> Fix"
4772,0,220000.00,Loi Stock -> Fix: 0
4779,0,20000.00,Loi Stock -> Fix: 0
4791,18,50000.00," | Loi Gia -> Fix"
4793,0,690000.00,Loi Stock -> Fix: 0
4796,5,50000.00," | Loi Gia -> Fix"
4797,36,50000.00," | Loi Gia -> Fix"
4800,0,110000.00,Loi Stock -> Fix: 0
4809,0,330000.00,Loi Stock -> Fix: 0
4816,38,50000.00," | Loi Gia -> Fix"
4832,2,50000.00," | Loi Gia -> Fix"
4838,0,480000.00,Loi Stock -> Fix: 0
4840,0,560000.00,Loi Stock -> Fix: 0
4842,0,40000.00,Loi Stock -> Fix: 0
4843,19,50000.00," | Loi Gia -> Fix"
4853,14,50000.00," | Loi Gia -> Fix"
4863,0,810000.00,Loi Stock -> Fix: 0
4869,11,50000.00," | Loi Gia -> Fix"
4883,33,50000.00," | Loi Gia -> Fix"
4884,0,590000.00,Loi Stock -> Fix: 0
4889,19,50000.00," | Loi Gia -> Fix"
4890,0,610000.00,Loi Stock -> Fix: 0
4894,27,50000.00," | Loi Gia -> Fix"
4898,48,50000.00," | Loi Gia -> Fix"
4900,0,370000.00,Loi Stock -> Fix: 0
4901,25,50000.00," | Loi Gia -> Fix"
4908,0,640000.00,Loi Stock -> Fix: 0
4911,7,50000.00," | Loi Gia -> Fix"
4917,16,50000.00," | Loi Gia -> Fix"
4930,28,50000.00," | Loi Gia -> Fix"
4931,42,50000.00," | Loi Gia -> Fix"
4935,12,50000.00," | Loi Gia -> Fix"
4940,0,190000.00,Loi Stock -> Fix: 0
4946,8,50000.00," | Loi Gia -> Fix"
4951,3,50000.00," | Loi Gia -> Fix"
4955,0,130000.00,Loi Stock -> Fix: 0
4960,0,260000.00,Loi Stock -> Fix: 0
4973,36,50000.00," | Loi Gia -> Fix"
4997,15,50000.00," | Loi Gia -> Fix"
4998,0,930000.00,Loi Stock -> Fix: 0
5011,28,50000.00," | Loi Gia -> Fix"
5019,29,50000.00," | Loi Gia -> Fix"
5025,6,50000.00," | Loi Gia -> Fix"
5026,0,120000.00,Loi Stock -> Fix: 0
5029,48,50000.00," | Loi Gia -> Fix"
5032,3,50000.00," | Loi Gia -> Fix"
5050,22,50000.00," | Loi Gia -> Fix"
5057,3,50000.00," | Loi Gia -> Fix"
5063,0,590000.00,Loi Stock -> Fix: 0
5070,5,50000.00," | Loi Gia -> Fix"
5081,28,50000.00," | Loi Gia -> Fix"
5084,23,50000.00," | Loi Gia -> Fix"
5085,14,50000.00," | Loi Gia -> Fix"
5086,0,30000.00,Loi Stock -> Fix: 0
5087,24,50000.00," | Loi Gia -> Fix"
5092,0,910000.00,Loi Stock -> Fix: 0
5098,34,50000.00," | Loi Gia -> Fix"
5108,3,50000.00," | Loi Gia -> Fix"
5111,0,980000.00,Loi Stock -> Fix: 0
5116,0,630000.00,Loi Stock -> Fix: 0
5117,0,960000.00,Loi Stock -> Fix: 0
5119,6,50000.00," | Loi Gia -> Fix"
5121,0,850000.00,Loi Stock -> Fix: 0
5122,9,50000.00," | Loi Gia -> Fix"
5126,0,310000.00,Loi Stock -> Fix: 0
5132,13,50000.00," | Loi Gia -> Fix"
5133,0,940000.00,Loi Stock -> Fix: 0
5147,0,710000.00,Loi Stock -> Fix: 0
5155,0,140000.00,Loi Stock -> Fix: 0
5185,0,570000.00,Loi Stock -> Fix: 0
5186,25,50000.00," | Loi Gia -> Fix"
5224,0,660000.00,Loi Stock -> Fix: 0
5236,25,50000.00," | Loi Gia -> Fix"
5245,8,50000.00," | Loi Gia -> Fix"
5297,0,670000.00,Loi Stock -> Fix: 0
5301,13,50000.00," | Loi Gia -> Fix"
5303,21,50000.00," | Loi Gia -> Fix"
5305,0,560000.00,Loi Stock -> Fix: 0
5312,6,50000.00," | Loi Gia -> Fix"
5314,39,50000.00," | Loi Gia -> Fix"
5315,0,490000.00,Loi Stock -> Fix: 0
5317,0,460000.00,Loi Stock -> Fix: 0
5328,32,50000.00," | Loi Gia -> Fix"
5336,0,440000.00,Loi Stock -> Fix: 0
5355,0,630000.00,Loi Stock -> Fix: 0
5356,25,50000.00," | Loi Gia -> Fix"
5365,29,50000.00," | Loi Gia -> Fix"
5373,0,250000.00,Loi Stock -> Fix: 0
5376,37,50000.00," | Loi Gia -> Fix"
5390,0,10000.00,Loi Stock -> Fix: 0
5392,29,50000.00," | Loi Gia -> Fix"
5402,0,760000.00,Loi Stock -> Fix: 0
5408,2,50000.00," | Loi Gia -> Fix"
5415,0,630000.00,Loi Stock -> Fix: 0
5417,21,50000.00," | Loi Gia -> Fix"
5428,0,660000.00,Loi Stock -> Fix: 0
5436,12,50000.00," | Loi Gia -> Fix"
5465,0,130000.00,Loi Stock -> Fix: 0
5466,0,220000.00,Loi Stock -> Fix: 0
5467,7,50000.00," | Loi Gia -> Fix"
5470,21,50000.00," | Loi Gia -> Fix"
5472,0,40000.00,Loi Stock -> Fix: 0
5484,0,730000.00,Loi Stock -> Fix: 0
5485,38,50000.00," | Loi Gia -> Fix"
5489,0,990000.00,Loi Stock -> Fix: 0
5490,29,50000.00," | Loi Gia -> Fix"
5495,0,100000.00,Loi Stock -> Fix: 0
5499,0,980000.00,Loi Stock -> Fix: 0
5502,0,150000.00,Loi Stock -> Fix: 0
5503,0,650000.00,Loi Stock -> Fix: 0
5504,0,210000.00,Loi Stock -> Fix: 0
5522,42,50000.00," | Loi Gia -> Fix"
5525,0,810000.00,Loi Stock -> Fix: 0
5529,16,50000.00," | Loi Gia -> Fix"
5532,45,50000.00," | Loi Gia -> Fix"
5540,23,50000.00," | Loi Gia -> Fix"
5542,0,390000.00,Loi Stock -> Fix: 0
5545,14,50000.00," | Loi Gia -> Fix"
5548,13,50000.00," | Loi Gia -> Fix"
5550,0,780000.00,Loi Stock -> Fix: 0
5562,7,50000.00," | Loi Gia -> Fix"
5570,0,460000.00,Loi Stock -> Fix: 0
5579,44,50000.00," | Loi Gia -> Fix"
5584,0,530000.00,Loi Stock -> Fix: 0
5586,0,620000.00,Loi Stock -> Fix: 0
5595,35,50000.00," | Loi Gia -> Fix"
5596,0,140000.00,Loi Stock -> Fix: 0
5598,20,50000.00," | Loi Gia -> Fix"
5608,17,50000.00," | Loi Gia -> Fix"
5613,46,50000.00," | Loi Gia -> Fix"
5615,0,990000.00,Loi Stock -> Fix: 0
5628,11,50000.00," | Loi Gia -> Fix"
5649,0,640000.00,Loi Stock -> Fix: 0
5675,0,830000.00,Loi Stock -> Fix: 0
5677,1,50000.00," | Loi Gia -> Fix"
5679,0,480000.00,Loi Stock -> Fix: 0
5681,3,50000.00," | Loi Gia -> Fix"
5685,11,50000.00," | Loi Gia -> Fix"
5687,31,50000.00," | Loi Gia -> Fix"
5689,38,50000.00," | Loi Gia -> Fix"
5699,16,50000.00," | Loi Gia -> Fix"
5707,0,920000.00,Loi Stock -> Fix: 0
5712,0,650000.00,Loi Stock -> Fix: 0
5714,0,560000.00,Loi Stock -> Fix: 0
5718,10,50000.00," | Loi Gia -> Fix"
5724,0,100000.00,Loi Stock -> Fix: 0
5725,30,50000.00," | Loi Gia -> Fix"
5728,39,50000.00," | Loi Gia -> Fix"
5730,0,790000.00,Loi Stock -> Fix: 0
5731,29,50000.00," | Loi Gia -> Fix"
5736,14,50000.00," | Loi Gia -> Fix"
5739,3,50000.00," | Loi Gia -> Fix"
5741,0,280000.00,Loi Stock -> Fix: 0
5744,0,670000.00,Loi Stock -> Fix: 0
5749,9,50000.00," | Loi Gia -> Fix"
5750,40,50000.00," | Loi Gia -> Fix"
5765,0,250000.00,Loi Stock -> Fix: 0
5766,0,350000.00,Loi Stock -> Fix: 0
5768,2,50000.00," | Loi Gia -> Fix"
5769,0,450000.00,Loi Stock -> Fix: 0
5787,0,210000.00,Loi Stock -> Fix: 0
5789,0,140000.00,Loi Stock -> Fix: 0
5809,27,50000.00," | Loi Gia -> Fix"
5817,11,50000.00," | Loi Gia -> Fix"
5823,0,900000.00,Loi Stock -> Fix: 0
5825,0,530000.00,Loi Stock -> Fix: 0
5828,0,190000.00,Loi Stock -> Fix: 0
5830,0,540000.00,Loi Stock -> Fix: 0
5856,0,290000.00,Loi Stock -> Fix: 0
5876,3,50000.00," | Loi Gia -> Fix"
5880,35,50000.00," | Loi Gia -> Fix"
5886,0,950000.00,Loi Stock -> Fix: 0
5891,0,290000.00,Loi Stock -> Fix: 0
5902,42,50000.00," | Loi Gia -> Fix"
5928,10,50000.00," | Loi Gia -> Fix"
5930,38,50000.00," | Loi Gia -> Fix"
5939,26,50000.00," | Loi Gia -> Fix"
5941,46,50000.00," | Loi Gia -> Fix"
5948,45,50000.00," | Loi Gia -> Fix"
5957,0,320000.00,Loi Stock -> Fix: 0
5972,6,50000.00," | Loi Gia -> Fix"
5988,0,610000.00,Loi Stock -> Fix: 0
5991,18,50000.00," | Loi Gia -> Fix"
5998,15,50000.00," | Loi Gia -> Fix"
6002,2,50000.00," | Loi Gia -> Fix"
6003,3,50000.00," | Loi Gia -> Fix"
6007,0,240000.00,Loi Stock -> Fix: 0
6009,0,590000.00,Loi Stock -> Fix: 0
6018,0,720000.00,Loi Stock -> Fix: 0
6032,0,320000.00,Loi Stock -> Fix: 0
6039,45,50000.00," | Loi Gia -> Fix"
6041,35,50000.00," | Loi Gia -> Fix"
6043,0,10000.00,Loi Stock -> Fix: 0
6048,0,910000.00,Loi Stock -> Fix: 0
6056,21,50000.00," | Loi Gia -> Fix"
6088,2,50000.00," | Loi Gia -> Fix"
6092,26,50000.00," | Loi Gia -> Fix"
6095,48,50000.00," | Loi Gia -> Fix"
6097,27,50000.00," | Loi Gia -> Fix"
6099,0,10000.00,Loi Stock -> Fix: 0
6107,3,50000.00," | Loi Gia -> Fix"
6111,0,280000.00,Loi Stock -> Fix: 0
6116,0,870000.00,Loi Stock -> Fix: 0
6119,0,460000.00,Loi Stock -> Fix: 0
6120,0,300000.00,Loi Stock -> Fix: 0
6129,41,50000.00," | Loi Gia -> Fix"
6138,20,50000.00," | Loi Gia -> Fix"
6152,31,50000.00," | Loi Gia -> Fix"
6154,33,50000.00," | Loi Gia -> Fix"
6158,3,50000.00," | Loi Gia -> Fix"
6169,0,180000.00,Loi Stock -> Fix: 0
6173,12,50000.00," | Loi Gia -> Fix"
6185,0,930000.00,Loi Stock -> Fix: 0
6187,12,50000.00," | Loi Gia -> Fix"
6193,0,460000.00,Loi Stock -> Fix: 0
6197,0,390000.00,Loi Stock -> Fix: 0
6198,0,250000.00,Loi Stock -> Fix: 0
6205,0,170000.00,Loi Stock -> Fix: 0
6220,0,990000.00,Loi Stock -> Fix: 0
6227,0,470000.00,Loi Stock -> Fix: 0
6234,27,50000.00," | Loi Gia -> Fix"
6235,41,50000.00," | Loi Gia -> Fix"
6238,0,160000.00,Loi Stock -> Fix: 0
6249,16,50000.00," | Loi Gia -> Fix"
6268,22,50000.00," | Loi Gia -> Fix"
6271,46,50000.00," | Loi Gia -> Fix"
6279,0,130000.00,Loi Stock -> Fix: 0
6282,18,50000.00," | Loi Gia -> Fix"
6285,36,50000.00," | Loi Gia -> Fix"
6303,0,950000.00,Loi Stock -> Fix: 0
6312,0,470000.00,Loi Stock -> Fix: 0
6313,33,50000.00," | Loi Gia -> Fix"
6320,0,560000.00,Loi Stock -> Fix: 0
6321,35,50000.00," | Loi Gia -> Fix"
6322,36,50000.00," | Loi Gia -> Fix"
6332,0,900000.00,Loi Stock -> Fix: 0
6336,0,500000.00,Loi Stock -> Fix: 0
6337,0,900000.00,Loi Stock -> Fix: 0
6338,13,50000.00," | Loi Gia -> Fix"
6339,35,50000.00," | Loi Gia -> Fix"
6340,0,670000.00,Loi Stock -> Fix: 0
6342,0,680000.00,Loi Stock -> Fix: 0
6363,0,220000.00,Loi Stock -> Fix: 0
6370,37,50000.00," | Loi Gia -> Fix"
6380,0,380000.00,Loi Stock -> Fix: 0
6382,0,370000.00,Loi Stock -> Fix: 0
6383,0,960000.00,Loi Stock -> Fix: 0
6384,46,50000.00," | Loi Gia -> Fix"
6387,0,740000.00,Loi Stock -> Fix: 0
6392,35,50000.00," | Loi Gia -> Fix"
6397,5,50000.00," | Loi Gia -> Fix"
6402,24,50000.00," | Loi Gia -> Fix"
6403,47,50000.00," | Loi Gia -> Fix"
6407,39,50000.00," | Loi Gia -> Fix"
6421,27,50000.00," | Loi Gia -> Fix"
6425,0,550000.00,Loi Stock -> Fix: 0
6426,0,60000.00,Loi Stock -> Fix: 0
6428,30,50000.00," | Loi Gia -> Fix"
6433,18,50000.00," | Loi Gia -> Fix"
6434,38,50000.00," | Loi Gia -> Fix"
6438,0,310000.00,Loi Stock -> Fix: 0
6449,0,750000.00,Loi Stock -> Fix: 0
6453,0,560000.00,Loi Stock -> Fix: 0
6458,35,50000.00," | Loi Gia -> Fix"
6462,43,50000.00," | Loi Gia -> Fix"
6464,25,50000.00," | Loi Gia -> Fix"
6479,0,160000.00,Loi Stock -> Fix: 0
6482,0,230000.00,Loi Stock -> Fix: 0
6489,0,990000.00,Loi Stock -> Fix: 0
6490,28,50000.00," | Loi Gia -> Fix"
6493,18,50000.00," | Loi Gia -> Fix"
6502,0,310000.00,Loi Stock -> Fix: 0
6505,31,50000.00," | Loi Gia -> Fix"
6510,24,50000.00," | Loi Gia -> Fix"
6525,28,50000.00," | Loi Gia -> Fix"
6538,16,50000.00," | Loi Gia -> Fix"
6554,29,50000.00," | Loi Gia -> Fix"
6557,18,50000.00," | Loi Gia -> Fix"
6562,26,50000.00," | Loi Gia -> Fix"
6564,0,700000.00,Loi Stock -> Fix: 0
6582,0,260000.00,Loi Stock -> Fix: 0
6583,27,50000.00," | Loi Gia -> Fix"
6585,0,970000.00,Loi Stock -> Fix: 0
6591,28,50000.00," | Loi Gia -> Fix"
6593,0,670000.00,Loi Stock -> Fix: 0
6595,24,50000.00," | Loi Gia -> Fix"
6604,0,690000.00,Loi Stock -> Fix: 0
6609,0,700000.00,Loi Stock -> Fix: 0
6614,0,760000.00,Loi Stock -> Fix: 0
6620,0,540000.00,Loi Stock -> Fix: 0
6624,24,50000.00," | Loi Gia -> Fix"
6625,43,50000.00," | Loi Gia -> Fix"
6629,0,850000.00,Loi Stock -> Fix: 0
6631,0,540000.00,Loi Stock -> Fix: 0
6636,0,360000.00,Loi Stock -> Fix: 0
6638,11,50000.00," | Loi Gia -> Fix"
6639,31,50000.00," | Loi Gia -> Fix"
6644,0,260000.00,Loi Stock -> Fix: 0
6646,0,180000.00,Loi Stock -> Fix: 0
6658,14,50000.00," | Loi Gia -> Fix"
6671,0,300000.00,Loi Stock -> Fix: 0
6676,21,50000.00," | Loi Gia -> Fix"
6677,6,50000.00," | Loi Gia -> Fix"
6687,29,50000.00," | Loi Gia -> Fix"
6693,0,270000.00,Loi Stock -> Fix: 0
6694,9,50000.00," | Loi Gia -> Fix"
6695,32,50000.00," | Loi Gia -> Fix"
6696,44,50000.00," | Loi Gia -> Fix"
6705,0,590000.00,Loi Stock -> Fix: 0
6711,11,50000.00," | Loi Gia -> Fix"
6715,32,50000.00," | Loi Gia -> Fix"
6717,3,50000.00," | Loi Gia -> Fix"
6724,0,310000.00,Loi Stock -> Fix: 0
6725,45,50000.00," | Loi Gia -> Fix"
6727,18,50000.00," | Loi Gia -> Fix"
6736,37,50000.00," | Loi Gia -> Fix"
6742,28,50000.00," | Loi Gia -> Fix"
6749,0,830000.00,Loi Stock -> Fix: 0
6757,12,50000.00," | Loi Gia -> Fix"
6763,0,620000.00,Loi Stock -> Fix: 0
6765,36,50000.00," | Loi Gia -> Fix"
6779,38,50000.00," | Loi Gia -> Fix"
6791,48,50000.00," | Loi Gia -> Fix"
6793,0,620000.00,Loi Stock -> Fix: 0
6801,25,50000.00," | Loi Gia -> Fix"
6802,42,50000.00," | Loi Gia -> Fix"
6807,47,50000.00," | Loi Gia -> Fix"
6818,31,50000.00," | Loi Gia -> Fix"
6823,9,50000.00," | Loi Gia -> Fix"
6829,23,50000.00," | Loi Gia -> Fix"
6835,0,490000.00,Loi Stock -> Fix: 0
6836,15,50000.00," | Loi Gia -> Fix"
6838,39,50000.00," | Loi Gia -> Fix"
6840,10,50000.00," | Loi Gia -> Fix"
6847,0,30000.00,Loi Stock -> Fix: 0
6848,37,50000.00," | Loi Gia -> Fix"
6851,31,50000.00," | Loi Gia -> Fix"
6858,0,910000.00,Loi Stock -> Fix: 0
6867,0,310000.00,Loi Stock -> Fix: 0
6873,22,50000.00," | Loi Gia -> Fix"
6874,0,470000.00,Loi Stock -> Fix: 0
6876,38,50000.00," | Loi Gia -> Fix"
6881,0,670000.00,Loi Stock -> Fix: 0
6885,0,360000.00,Loi Stock -> Fix: 0
6892,23,50000.00," | Loi Gia -> Fix"
6900,0,360000.00,Loi Stock -> Fix: 0
6901,18,50000.00," | Loi Gia -> Fix"
6902,0,340000.00,Loi Stock -> Fix: 0
6912,9,50000.00," | Loi Gia -> Fix"
6924,0,290000.00,Loi Stock -> Fix: 0
6939,0,800000.00,Loi Stock -> Fix: 0
6942,0,540000.00,Loi Stock -> Fix: 0
6949,19,50000.00," | Loi Gia -> Fix"
6964,0,120000.00,Loi Stock -> Fix: 0
6976,0,260000.00,Loi Stock -> Fix: 0
6977,0,570000.00,Loi Stock -> Fix: 0
6985,14,50000.00," | Loi Gia -> Fix"
6986,0,470000.00,Loi Stock -> Fix: 0
7000,0,810000.00,Loi Stock -> Fix: 0
7004,39,50000.00," | Loi Gia -> Fix"
7022,0,330000.00,Loi Stock -> Fix: 0
7025,0,780000.00,Loi Stock -> Fix: 0
7029,21,50000.00," | Loi Gia -> Fix"
7032,0,130000.00,Loi Stock -> Fix: 0
7035,27,50000.00," | Loi Gia -> Fix"
7036,31,50000.00," | Loi Gia -> Fix"
7050,21,50000.00," | Loi Gia -> Fix"
7057,40,50000.00," | Loi Gia -> Fix"
7059,10,50000.00," | Loi Gia -> Fix"
7060,0,130000.00,Loi Stock -> Fix: 0
7061,22,50000.00," | Loi Gia -> Fix"
7065,26,50000.00," | Loi Gia -> Fix"
7073,0,340000.00,Loi Stock -> Fix: 0
7076,0,790000.00,Loi Stock -> Fix: 0
7077,0,100000.00,Loi Stock -> Fix: 0
7078,35,50000.00," | Loi Gia -> Fix"
7094,0,870000.00,Loi Stock -> Fix: 0
7097,7,50000.00," | Loi Gia -> Fix"
7101,42,50000.00," | Loi Gia -> Fix"
7106,0,990000.00,Loi Stock -> Fix: 0
7108,0,800000.00,Loi Stock -> Fix: 0
7113,37,50000.00," | Loi Gia -> Fix"
7115,10,50000.00," | Loi Gia -> Fix"
7118,0,380000.00,Loi Stock -> Fix: 0
7147,45,50000.00," | Loi Gia -> Fix"
7154,46,50000.00," | Loi Gia -> Fix"
7164,0,790000.00,Loi Stock -> Fix: 0
7173,2,50000.00," | Loi Gia -> Fix"
7177,0,730000.00,Loi Stock -> Fix: 0
7188,0,480000.00,Loi Stock -> Fix: 0
7197,0,820000.00,Loi Stock -> Fix: 0
7199,1,50000.00," | Loi Gia -> Fix"
7202,0,900000.00,Loi Stock -> Fix: 0
7205,38,50000.00," | Loi Gia -> Fix"
7207,37,50000.00," | Loi Gia -> Fix"
7210,44,50000.00," | Loi Gia -> Fix"
7220,48,50000.00," | Loi Gia -> Fix"
7222,30,50000.00," | Loi Gia -> Fix"
7224,0,100000.00,Loi Stock -> Fix: 0
7230,35,50000.00," | Loi Gia -> Fix"
7235,26,50000.00," | Loi Gia -> Fix"
7240,0,50000.00,Loi Stock -> Fix: 0
7250,0,70000.00,Loi Stock -> Fix: 0
7255,0,20000.00,Loi Stock -> Fix: 0
7264,49,50000.00," | Loi Gia -> Fix"
7284,37,50000.00," | Loi Gia -> Fix"
7285,33,50000.00," | Loi Gia -> Fix"
7287,0,810000.00,Loi Stock -> Fix: 0
7288,0,230000.00,Loi Stock -> Fix: 0
7290,0,160000.00,Loi Stock -> Fix: 0
7293,25,50000.00," | Loi Gia -> Fix"
7303,0,390000.00,Loi Stock -> Fix: 0
7307,6,50000.00," | Loi Gia -> Fix"
7313,0,910000.00,Loi Stock -> Fix: 0
7314,0,770000.00,Loi Stock -> Fix: 0
7321,16,50000.00," | Loi Gia -> Fix"
7322,0,570000.00,Loi Stock -> Fix: 0
7331,0,930000.00,Loi Stock -> Fix: 0
7334,0,950000.00,Loi Stock -> Fix: 0
7336,0,720000.00,Loi Stock -> Fix: 0
7339,0,880000.00,Loi Stock -> Fix: 0
7350,0,680000.00,Loi Stock -> Fix: 0
7363,0,50000.00,Loi Stock -> Fix: 0
7366,0,430000.00,Loi Stock -> Fix: 0
7367,0,10000.00,Loi Stock -> Fix: 0
7377,33,50000.00," | Loi Gia -> Fix"
7380,37,50000.00," | Loi Gia -> Fix"
7387,4,50000.00," | Loi Gia -> Fix"
7392,0,410000.00,Loi Stock -> Fix: 0
7427,46,50000.00," | Loi Gia -> Fix"
7428,49,50000.00," | Loi Gia -> Fix"
7429,0,790000.00,Loi Stock -> Fix: 0
7451,0,310000.00,Loi Stock -> Fix: 0
7452,0,20000.00,Loi Stock -> Fix: 0
7456,0,990000.00,Loi Stock -> Fix: 0
7459,37,50000.00," | Loi Gia -> Fix"
7471,43,50000.00," | Loi Gia -> Fix"
7474,0,60000.00,Loi Stock -> Fix: 0
7498,0,930000.00,Loi Stock -> Fix: 0
7509,0,570000.00,Loi Stock -> Fix: 0
7524,1,50000.00," | Loi Gia -> Fix"
7541,17,50000.00," | Loi Gia -> Fix"
7549,0,260000.00,Loi Stock -> Fix: 0
7554,16,50000.00," | Loi Gia -> Fix"
7562,0,320000.00,Loi Stock -> Fix: 0
7565,33,50000.00," | Loi Gia -> Fix"
7586,0,750000.00,Loi Stock -> Fix: 0
7588,46,50000.00," | Loi Gia -> Fix"
7597,0,60000.00,Loi Stock -> Fix: 0
7602,8,50000.00," | Loi Gia -> Fix"
7604,16,50000.00," | Loi Gia -> Fix"
7611,0,850000.00,Loi Stock -> Fix: 0
7620,44,50000.00," | Loi Gia -> Fix"
7621,23,50000.00," | Loi Gia -> Fix"
7623,0,980000.00,Loi Stock -> Fix: 0
7628,0,670000.00,Loi Stock -> Fix: 0
7637,0,780000.00,Loi Stock -> Fix: 0
7638,0,660000.00,Loi Stock -> Fix: 0
7643,0,430000.00,Loi Stock -> Fix: 0
7645,41,50000.00," | Loi Gia -> Fix"
7654,7,50000.00," | Loi Gia -> Fix"
7663,0,880000.00,Loi Stock -> Fix: 0
7668,46,50000.00," | Loi Gia -> Fix"
7670,30,50000.00," | Loi Gia -> Fix"
7682,31,50000.00," | Loi Gia -> Fix"
7690,0,170000.00,Loi Stock -> Fix: 0
7691,8,50000.00," | Loi Gia -> Fix"
7696,30,50000.00," | Loi Gia -> Fix"
7699,0,550000.00,Loi Stock -> Fix: 0
7702,46,50000.00," | Loi Gia -> Fix"
7731,8,50000.00," | Loi Gia -> Fix"
7733,0,260000.00,Loi Stock -> Fix: 0
7742,0,790000.00,Loi Stock -> Fix: 0
7749,5,50000.00," | Loi Gia -> Fix"
7751,24,50000.00," | Loi Gia -> Fix"
7757,9,50000.00," | Loi Gia -> Fix"
7761,0,460000.00,Loi Stock -> Fix: 0
7778,4,50000.00," | Loi Gia -> Fix"
7793,10,50000.00," | Loi Gia -> Fix"
7800,0,790000.00,Loi Stock -> Fix: 0
7801,31,50000.00," | Loi Gia -> Fix"
7806,0,710000.00,Loi Stock -> Fix: 0
7818,0,480000.00,Loi Stock -> Fix: 0
7824,0,250000.00,Loi Stock -> Fix: 0
7826,5,50000.00," | Loi Gia -> Fix"
7827,0,240000.00,Loi Stock -> Fix: 0
7829,43,50000.00," | Loi Gia -> Fix"
7835,42,50000.00," | Loi Gia -> Fix"
7854,29,50000.00," | Loi Gia -> Fix"
7879,0,130000.00,Loi Stock -> Fix: 0
7880,0,880000.00,Loi Stock -> Fix: 0
7882,0,470000.00,Loi Stock -> Fix: 0
7907,38,50000.00," | Loi Gia -> Fix"
7914,0,370000.00,Loi Stock -> Fix: 0
7917,0,570000.00,Loi Stock -> Fix: 0
7929,0,520000.00,Loi Stock -> Fix: 0
7937,39,50000.00," | Loi Gia -> Fix"
7940,0,460000.00,Loi Stock -> Fix: 0
7942,0,190000.00,Loi Stock -> Fix: 0
7944,0,640000.00,Loi Stock -> Fix: 0
7965,0,540000.00,Loi Stock -> Fix: 0
7970,0,160000.00,Loi Stock -> Fix: 0
7972,48,50000.00," | Loi Gia -> Fix"
7973,0,880000.00,Loi Stock -> Fix: 0
7974,36,50000.00," | Loi Gia -> Fix"
7975,0,160000.00,Loi Stock -> Fix: 0
7976,0,170000.00,Loi Stock -> Fix: 0
7978,10,50000.00," | Loi Gia -> Fix"
7979,19,50000.00," | Loi Gia -> Fix"
7982,21,50000.00," | Loi Gia -> Fix"
7987,0,60000.00,Loi Stock -> Fix: 0
7988,0,630000.00,Loi Stock -> Fix: 0
8001,0,470000.00,Loi Stock -> Fix: 0
8002,0,690000.00,Loi Stock -> Fix: 0
8007,46,50000.00," | Loi Gia -> Fix"
8008,28,50000.00," | Loi Gia -> Fix"
8015,0,300000.00,Loi Stock -> Fix: 0
8016,11,50000.00," | Loi Gia -> Fix"
8017,37,50000.00," | Loi Gia -> Fix"
8029,0,690000.00,Loi Stock -> Fix: 0
8033,0,720000.00,Loi Stock -> Fix: 0
8035,0,380000.00,Loi Stock -> Fix: 0
8038,0,520000.00,Loi Stock -> Fix: 0
8039,15,50000.00," | Loi Gia -> Fix"
8063,0,280000.00,Loi Stock -> Fix: 0
8065,35,50000.00," | Loi Gia -> Fix"
8067,0,400000.00,Loi Stock -> Fix: 0
8070,35,50000.00," | Loi Gia -> Fix"
8071,1,50000.00," | Loi Gia -> Fix"
8074,15,50000.00," | Loi Gia -> Fix"
8085,0,870000.00,Loi Stock -> Fix: 0
8096,0,730000.00,Loi Stock -> Fix: 0
8099,24,50000.00," | Loi Gia -> Fix"
8104,0,350000.00,Loi Stock -> Fix: 0
8122,11,50000.00," | Loi Gia -> Fix"
8130,0,440000.00,Loi Stock -> Fix: 0
8155,0,780000.00,Loi Stock -> Fix: 0
8185,0,780000.00,Loi Stock -> Fix: 0
8199,44,50000.00," | Loi Gia -> Fix"
8211,0,120000.00,Loi Stock -> Fix: 0
8219,0,120000.00,Loi Stock -> Fix: 0
8248,0,490000.00,Loi Stock -> Fix: 0
8257,0,870000.00,Loi Stock -> Fix: 0
8260,9,50000.00," | Loi Gia -> Fix"
8274,46,50000.00," | Loi Gia -> Fix"
8280,42,50000.00," | Loi Gia -> Fix"
8285,0,50000.00,Loi Stock -> Fix: 0
8297,0,890000.00,Loi Stock -> Fix: 0
8303,13,50000.00," | Loi Gia -> Fix"
8309,0,870000.00,Loi Stock -> Fix: 0
8312,0,850000.00,Loi Stock -> Fix: 0
8317,49,50000.00," | Loi Gia -> Fix"
8318,0,710000.00,Loi Stock -> Fix: 0
8322,0,300000.00,Loi Stock -> Fix: 0
8324,9,50000.00," | Loi Gia -> Fix"
8328,0,730000.00,Loi Stock -> Fix: 0
8334,0,660000.00,Loi Stock -> Fix: 0
8335,17,50000.00," | Loi Gia -> Fix"
8355,47,50000.00," | Loi Gia -> Fix"
8372,33,50000.00," | Loi Gia -> Fix"
8382,0,360000.00,Loi Stock -> Fix: 0
8410,0,700000.00,Loi Stock -> Fix: 0
8423,42,50000.00," | Loi Gia -> Fix"
8425,0,890000.00,Loi Stock -> Fix: 0
8432,0,290000.00,Loi Stock -> Fix: 0
8436,0,510000.00,Loi Stock -> Fix: 0
8440,41,50000.00," | Loi Gia -> Fix"
8448,0,810000.00,Loi Stock -> Fix: 0
8451,8,50000.00," | Loi Gia -> Fix"
8464,0,70000.00,Loi Stock -> Fix: 0
8488,23,50000.00," | Loi Gia -> Fix"
8499,0,570000.00,Loi Stock -> Fix: 0
8508,33,50000.00," | Loi Gia -> Fix"
8520,46,50000.00," | Loi Gia -> Fix"
8521,0,550000.00,Loi Stock -> Fix: 0
8569,19,50000.00," | Loi Gia -> Fix"
8571,4,50000.00," | Loi Gia -> Fix"
8577,0,980000.00,Loi Stock -> Fix: 0
8581,0,20000.00,Loi Stock -> Fix: 0
8582,0,590000.00,Loi Stock -> Fix: 0
8602,9,50000.00," | Loi Gia -> Fix"
8606,0,940000.00,Loi Stock -> Fix: 0
8612,4,50000.00," | Loi Gia -> Fix"
8615,0,190000.00,Loi Stock -> Fix: 0
8616,0,60000.00,Loi Stock -> Fix: 0
8626,0,470000.00,Loi Stock -> Fix: 0
8640,0,640000.00,Loi Stock -> Fix: 0
8643,33,50000.00," | Loi Gia -> Fix"
8648,47,50000.00," | Loi Gia -> Fix"
8649,0,450000.00,Loi Stock -> Fix: 0
8659,0,790000.00,Loi Stock -> Fix: 0
8667,0,420000.00,Loi Stock -> Fix: 0
8677,10,50000.00," | Loi Gia -> Fix"
8685,24,50000.00," | Loi Gia -> Fix"
8693,0,630000.00,Loi Stock -> Fix: 0
8702,0,610000.00,Loi Stock -> Fix: 0
8716,0,660000.00,Loi Stock -> Fix: 0
8724,40,50000.00," | Loi Gia -> Fix"
8732,0,830000.00,Loi Stock -> Fix: 0
8733,14,50000.00," | Loi Gia -> Fix"
8736,0,990000.00,Loi Stock -> Fix: 0
8744,0,500000.00,Loi Stock -> Fix: 0
8754,0,60000.00,Loi Stock -> Fix: 0
8762,47,50000.00," | Loi Gia -> Fix"
8763,0,690000.00,Loi Stock -> Fix: 0
8797,0,170000.00,Loi Stock -> Fix: 0
8817,0,430000.00,Loi Stock -> Fix: 0
8826,4,50000.00," | Loi Gia -> Fix"
8830,25,50000.00," | Loi Gia -> Fix"
8831,3,50000.00," | Loi Gia -> Fix"
8838,40,50000.00," | Loi Gia -> Fix"
8860,0,940000.00,Loi Stock -> Fix: 0
8868,31,50000.00," | Loi Gia -> Fix"
8870,15,50000.00," | Loi Gia -> Fix"
8876,0,980000.00,Loi Stock -> Fix: 0
8878,29,50000.00," | Loi Gia -> Fix"
8882,0,720000.00,Loi Stock -> Fix: 0
8896,42,50000.00," | Loi Gia -> Fix"
8900,50,50000.00," | Loi Gia -> Fix"
8902,0,660000.00,Loi Stock -> Fix: 0
8911,8,50000.00," | Loi Gia -> Fix"
8923,0,750000.00,Loi Stock -> Fix: 0
8933,17,50000.00," | Loi Gia -> Fix"
8948,30,50000.00," | Loi Gia -> Fix"
8949,24,50000.00," | Loi Gia -> Fix"
8952,0,150000.00,Loi Stock -> Fix: 0
8963,47,50000.00," | Loi Gia -> Fix"
8976,3,50000.00," | Loi Gia -> Fix"
8981,0,80000.00,Loi Stock -> Fix: 0
8996,0,970000.00,Loi Stock -> Fix: 0
8998,9,50000.00," | Loi Gia -> Fix"
8999,0,550000.00,Loi Stock -> Fix: 0
9003,0,830000.00,Loi Stock -> Fix: 0
9004,23,50000.00," | Loi Gia -> Fix"
9012,23,50000.00," | Loi Gia -> Fix"
9024,18,50000.00," | Loi Gia -> Fix"
9037,0,130000.00,Loi Stock -> Fix: 0
9048,0,420000.00,Loi Stock -> Fix: 0
9052,50,50000.00," | Loi Gia -> Fix"
9062,0,820000.00,Loi Stock -> Fix: 0
9079,0,140000.00,Loi Stock -> Fix: 0
9086,0,560000.00,Loi Stock -> Fix: 0
9090,34,50000.00," | Loi Gia -> Fix"
9101,0,160000.00,Loi Stock -> Fix: 0
9111,0,20000.00,Loi Stock -> Fix: 0
9113,7,50000.00," | Loi Gia -> Fix"
9118,0,740000.00,Loi Stock -> Fix: 0
9136,0,740000.00,Loi Stock -> Fix: 0
9141,0,990000.00,Loi Stock -> Fix: 0
9149,21,50000.00," | Loi Gia -> Fix"
9151,0,490000.00,Loi Stock -> Fix: 0
9155,0,360000.00,Loi Stock -> Fix: 0
9157,0,690000.00,Loi Stock -> Fix: 0
9159,0,460000.00,Loi Stock -> Fix: 0
9169,31,50000.00," | Loi Gia -> Fix"
9171,29,50000.00," | Loi Gia -> Fix"
9172,0,900000.00,Loi Stock -> Fix: 0
9178,0,540000.00,Loi Stock -> Fix: 0
9183,15,50000.00," | Loi Gia -> Fix"
9198,27,50000.00," | Loi Gia -> Fix"
9216,33,50000.00," | Loi Gia -> Fix"
9217,25,50000.00," | Loi Gia -> Fix"
9223,0,960000.00,Loi Stock -> Fix: 0
9234,45,50000.00," | Loi Gia -> Fix"
9248,20,50000.00," | Loi Gia -> Fix"
9262,0,780000.00,Loi Stock -> Fix: 0
9270,26,50000.00," | Loi Gia -> Fix"
9273,0,940000.00,Loi Stock -> Fix: 0
9274,0,510000.00,Loi Stock -> Fix: 0
9277,0,530000.00,Loi Stock -> Fix: 0
9284,0,70000.00,Loi Stock -> Fix: 0
9290,0,190000.00,Loi Stock -> Fix: 0
9296,45,50000.00," | Loi Gia -> Fix"
9305,15,50000.00," | Loi Gia -> Fix"
9317,0,690000.00,Loi Stock -> Fix: 0
9318,15,50000.00," | Loi Gia -> Fix"
9329,28,50000.00," | Loi Gia -> Fix"
9343,0,360000.00,Loi Stock -> Fix: 0
9344,6,50000.00," | Loi Gia -> Fix"
9348,21,50000.00," | Loi Gia -> Fix"
9352,40,50000.00," | Loi Gia -> Fix"
9358,0,860000.00,Loi Stock -> Fix: 0
9361,0,140000.00,Loi Stock -> Fix: 0
9363,0,750000.00,Loi Stock -> Fix: 0
9378,41,50000.00," | Loi Gia -> Fix"
9383,0,20000.00,Loi Stock -> Fix: 0
9397,0,280000.00,Loi Stock -> Fix: 0
9399,0,320000.00,Loi Stock -> Fix: 0
9402,0,660000.00,Loi Stock -> Fix: 0
9404,17,50000.00," | Loi Gia -> Fix"
9409,0,570000.00,Loi Stock -> Fix: 0
9413,5,50000.00," | Loi Gia -> Fix"
9414,5,50000.00," | Loi Gia -> Fix"
9437,10,50000.00," | Loi Gia -> Fix"
9447,2,50000.00," | Loi Gia -> Fix"
9456,18,50000.00," | Loi Gia -> Fix"
9459,0,100000.00,Loi Stock -> Fix: 0
9470,7,50000.00," | Loi Gia -> Fix"
9473,0,880000.00,Loi Stock -> Fix: 0
9478,0,360000.00,Loi Stock -> Fix: 0
9480,0,250000.00,Loi Stock -> Fix: 0
9489,4,50000.00," | Loi Gia -> Fix"
9490,35,50000.00," | Loi Gia -> Fix"
9494,23,50000.00," | Loi Gia -> Fix"
9517,0,640000.00,Loi Stock -> Fix: 0
9521,47,50000.00," | Loi Gia -> Fix"
9525,31,50000.00," | Loi Gia -> Fix"
9533,0,130000.00,Loi Stock -> Fix: 0
9534,0,720000.00,Loi Stock -> Fix: 0
9537,7,50000.00," | Loi Gia -> Fix"
9545,0,910000.00,Loi Stock -> Fix: 0
9548,0,620000.00,Loi Stock -> Fix: 0
9556,12,50000.00," | Loi Gia -> Fix"
9561,49,50000.00," | Loi Gia -> Fix"
9572,0,950000.00,Loi Stock -> Fix: 0
9573,32,50000.00," | Loi Gia -> Fix"
9575,9,50000.00," | Loi Gia -> Fix"
9580,0,560000.00,Loi Stock -> Fix: 0
9583,40,50000.00," | Loi Gia -> Fix"
9588,23,50000.00," | Loi Gia -> Fix"
9593,32,50000.00," | Loi Gia -> Fix"
9599,0,220000.00,Loi Stock -> Fix: 0
9602,0,100000.00,Loi Stock -> Fix: 0
9606,18,50000.00," | Loi Gia -> Fix"
9609,30,50000.00," | Loi Gia -> Fix"
9618,36,50000.00," | Loi Gia -> Fix"
9619,40,50000.00," | Loi Gia -> Fix"
9621,0,420000.00,Loi Stock -> Fix: 0
9622,0,290000.00,Loi Stock -> Fix: 0
9623,0,850000.00,Loi Stock -> Fix: 0
9632,12,50000.00," | Loi Gia -> Fix"
9639,14,50000.00," | Loi Gia -> Fix"
9641,41,50000.00," | Loi Gia -> Fix"
9662,0,790000.00,Loi Stock -> Fix: 0
9665,45,50000.00," | Loi Gia -> Fix"
9669,23,50000.00," | Loi Gia -> Fix"
9672,0,780000.00,Loi Stock -> Fix: 0
9675,17,50000.00," | Loi Gia -> Fix"
9691,9,50000.00," | Loi Gia -> Fix"
9694,0,970000.00,Loi Stock -> Fix: 0
9700,22,50000.00," | Loi Gia -> Fix"
9705,0,850000.00,Loi Stock -> Fix: 0
9713,45,50000.00," | Loi Gia -> Fix"
9715,6,50000.00," | Loi Gia -> Fix"
9720,29,50000.00," | Loi Gia -> Fix"
9735,34,50000.00," | Loi Gia -> Fix"
9741,45,50000.00," | Loi Gia -> Fix"
9742,12,50000.00," | Loi Gia -> Fix"
9750,21,50000.00," | Loi Gia -> Fix"
9761,35,50000.00," | Loi Gia -> Fix"
9790,0,810000.00,Loi Stock -> Fix: 0
9794,39,50000.00," | Loi Gia -> Fix"
9802,48,50000.00," | Loi Gia -> Fix"
9809,35,50000.00," | Loi Gia -> Fix"
9827,0,550000.00,Loi Stock -> Fix: 0
9831,0,10000.00,Loi Stock -> Fix: 0
9839,17,50000.00," | Loi Gia -> Fix"
9848,32,50000.00," | Loi Gia -> Fix"
9852,45,50000.00," | Loi Gia -> Fix"
9867,26,50000.00," | Loi Gia -> Fix"
9876,35,50000.00," | Loi Gia -> Fix"
9879,0,500000.00,Loi Stock -> Fix: 0
9880,0,830000.00,Loi Stock -> Fix: 0
9901,0,180000.00,Loi Stock -> Fix: 0
9905,0,410000.00,Loi Stock -> Fix: 0
9912,8,50000.00," | Loi Gia -> Fix"
9924,0,160000.00,Loi Stock -> Fix: 0
9925,32,50000.00," | Loi Gia -> Fix"
9927,0,40000.00,Loi Stock -> Fix: 0
9931,1,50000.00," | Loi Gia -> Fix"
9934,11,50000.00," | Loi Gia -> Fix"
9938,5,50000.00," | Loi Gia -> Fix"
9939,0,880000.00,Loi Stock -> Fix: 0
9943,0,870000.00,Loi Stock -> Fix: 0
9951,0,840000.00,Loi Stock -> Fix: 0
9953,25,50000.00," | Loi Gia -> Fix"
9955,36,50000.00," | Loi Gia -> Fix"
9959,0,100000.00,Loi Stock -> Fix: 0
9980,0,360000.00,Loi Stock -> Fix: 0
9983,45,50000.00," | Loi Gia -> Fix"
9988,0,140000.00,Loi Stock -> Fix: 0
9990,0,640000.00,Loi Stock -> Fix: 0
9994,36,50000.00," | Loi Gia -> Fix"
9995,0,770000.00,Loi Stock -> Fix: 0
9996,0,200000.00,Loi Stock -> Fix: 0
9997,5,50000.00," | Loi Gia -> Fix"
10013,32,50000.00," | Loi Gia -> Fix"
10015,12,50000.00," | Loi Gia -> Fix"
10018,0,30000.00,Loi Stock -> Fix: 0
10034,47,50000.00," | Loi Gia -> Fix"
10037,16,50000.00," | Loi Gia -> Fix"
10045,0,920000.00,Loi Stock -> Fix: 0
10046,0,270000.00,Loi Stock -> Fix: 0
10065,0,360000.00,Loi Stock -> Fix: 0
10066,22,50000.00," | Loi Gia -> Fix"
10067,30,50000.00," | Loi Gia -> Fix"
10075,47,50000.00," | Loi Gia -> Fix"
10077,0,160000.00,Loi Stock -> Fix: 0
10078,0,290000.00,Loi Stock -> Fix: 0
10081,9,50000.00," | Loi Gia -> Fix"
10086,0,960000.00,Loi Stock -> Fix: 0
10091,22,50000.00," | Loi Gia -> Fix"
10092,42,50000.00," | Loi Gia -> Fix"
10095,18,50000.00," | Loi Gia -> Fix"
10097,28,50000.00," | Loi Gia -> Fix"
10098,34,50000.00," | Loi Gia -> Fix"
10099,19,50000.00," | Loi Gia -> Fix"
10101,0,1000000.00,Loi Stock -> Fix: 0
10106,13,50000.00," | Loi Gia -> Fix"
10107,0,980000.00,Loi Stock -> Fix: 0
10110,24,50000.00," | Loi Gia -> Fix"
10111,0,740000.00,Loi Stock -> Fix: 0
10113,5,50000.00," | Loi Gia -> Fix"
10124,0,470000.00,Loi Stock -> Fix: 0
10127,7,50000.00," | Loi Gia -> Fix"
10130,0,560000.00,Loi Stock -> Fix: 0
10143,1,50000.00," | Loi Gia -> Fix"
10146,17,50000.00," | Loi Gia -> Fix"
10158,29,50000.00," | Loi Gia -> Fix"
10170,35,50000.00," | Loi Gia -> Fix"
10171,0,270000.00,Loi Stock -> Fix: 0
10181,22,50000.00," | Loi Gia -> Fix"
10199,0,470000.00,Loi Stock -> Fix: 0
10204,31,50000.00," | Loi Gia -> Fix"
10210,0,730000.00,Loi Stock -> Fix: 0
10218,0,950000.00,Loi Stock -> Fix: 0
10220,27,50000.00," | Loi Gia -> Fix"
10226,34,50000.00," | Loi Gia -> Fix"
10241,15,50000.00," | Loi Gia -> Fix"
10258,0,110000.00,Loi Stock -> Fix: 0
10262,18,50000.00," | Loi Gia -> Fix"
10264,0,220000.00,Loi Stock -> Fix: 0
10267,13,50000.00," | Loi Gia -> Fix"
10269,0,760000.00,Loi Stock -> Fix: 0
10275,0,530000.00,Loi Stock -> Fix: 0
10276,16,50000.00," | Loi Gia -> Fix"
10278,15,50000.00," | Loi Gia -> Fix"
10288,44,50000.00," | Loi Gia -> Fix"
10291,28,50000.00," | Loi Gia -> Fix"
10299,46,50000.00," | Loi Gia -> Fix"
10305,13,50000.00," | Loi Gia -> Fix"
10307,0,700000.00,Loi Stock -> Fix: 0
10309,0,180000.00,Loi Stock -> Fix: 0
10313,35,50000.00," | Loi Gia -> Fix"
10316,0,470000.00,Loi Stock -> Fix: 0
10326,8,50000.00," | Loi Gia -> Fix"
10334,32,50000.00," | Loi Gia -> Fix"
10337,45,50000.00," | Loi Gia -> Fix"
10341,44,50000.00," | Loi Gia -> Fix"
10344,0,810000.00,Loi Stock -> Fix: 0
10354,22,50000.00," | Loi Gia -> Fix"
10363,0,160000.00,Loi Stock -> Fix: 0
10367,0,530000.00,Loi Stock -> Fix: 0
10369,21,50000.00," | Loi Gia -> Fix"
10379,0,420000.00,Loi Stock -> Fix: 0
10385,0,400000.00,Loi Stock -> Fix: 0
10387,24,50000.00," | Loi Gia -> Fix"
10391,0,290000.00,Loi Stock -> Fix: 0
10414,0,810000.00,Loi Stock -> Fix: 0
10429,8,50000.00," | Loi Gia -> Fix"
10435,27,50000.00," | Loi Gia -> Fix"
10436,0,290000.00,Loi Stock -> Fix: 0
10437,0,930000.00,Loi Stock -> Fix: 0
10440,0,350000.00,Loi Stock -> Fix: 0
10447,9,50000.00," | Loi Gia -> Fix"
10451,27,50000.00," | Loi Gia -> Fix"
10454,0,370000.00,Loi Stock -> Fix: 0
10455,48,50000.00," | Loi Gia -> Fix"
10472,0,530000.00,Loi Stock -> Fix: 0
10477,0,800000.00,Loi Stock -> Fix: 0
10500,0,1000000.00,Loi Stock -> Fix: 0
10505,0,770000.00,Loi Stock -> Fix: 0
10533,0,360000.00,Loi Stock -> Fix: 0
10537,33,50000.00," | Loi Gia -> Fix"
10539,0,650000.00,Loi Stock -> Fix: 0
10540,35,50000.00," | Loi Gia -> Fix"
10552,7,50000.00," | Loi Gia -> Fix"
10553,27,50000.00," | Loi Gia -> Fix"
10570,0,730000.00,Loi Stock -> Fix: 0
10573,49,50000.00," | Loi Gia -> Fix"
10574,28,50000.00," | Loi Gia -> Fix"
10578,20,50000.00," | Loi Gia -> Fix"
10584,0,450000.00,Loi Stock -> Fix: 0
10593,0,880000.00,Loi Stock -> Fix: 0
10599,0,750000.00,Loi Stock -> Fix: 0
10615,17,50000.00," | Loi Gia -> Fix"
10632,33,50000.00," | Loi Gia -> Fix"
10635,47,50000.00," | Loi Gia -> Fix"
10637,25,50000.00," | Loi Gia -> Fix"
10638,0,210000.00,Loi Stock -> Fix: 0
10641,30,50000.00," | Loi Gia -> Fix"
10646,16,50000.00," | Loi Gia -> Fix"
10652,33,50000.00," | Loi Gia -> Fix"
10658,0,50000.00,Loi Stock -> Fix: 0
10667,36,50000.00," | Loi Gia -> Fix"
10691,30,50000.00," | Loi Gia -> Fix"
10706,7,50000.00," | Loi Gia -> Fix"
10720,0,620000.00,Loi Stock -> Fix: 0
10723,34,50000.00," | Loi Gia -> Fix"
10729,15,50000.00," | Loi Gia -> Fix"
10730,0,150000.00,Loi Stock -> Fix: 0
10739,0,20000.00,Loi Stock -> Fix: 0
10744,31,50000.00," | Loi Gia -> Fix"
10746,0,100000.00,Loi Stock -> Fix: 0
10766,18,50000.00," | Loi Gia -> Fix"
10768,38,50000.00," | Loi Gia -> Fix"
10769,40,50000.00," | Loi Gia -> Fix"
10781,37,50000.00," | Loi Gia -> Fix"
10788,0,280000.00,Loi Stock -> Fix: 0
10796,0,750000.00,Loi Stock -> Fix: 0
10799,0,620000.00,Loi Stock -> Fix: 0
10805,8,50000.00," | Loi Gia -> Fix"
10811,0,450000.00,Loi Stock -> Fix: 0
10816,0,610000.00,Loi Stock -> Fix: 0
10817,4,50000.00," | Loi Gia -> Fix"
10825,0,480000.00,Loi Stock -> Fix: 0
10829,0,80000.00,Loi Stock -> Fix: 0
10844,25,50000.00," | Loi Gia -> Fix"
10847,34,50000.00," | Loi Gia -> Fix"
10858,0,920000.00,Loi Stock -> Fix: 0
10868,0,370000.00,Loi Stock -> Fix: 0
10869,39,50000.00," | Loi Gia -> Fix"
10871,0,800000.00,Loi Stock -> Fix: 0
10872,0,790000.00,Loi Stock -> Fix: 0
10891,12,50000.00," | Loi Gia -> Fix"
10899,36,50000.00," | Loi Gia -> Fix"
10900,38,50000.00," | Loi Gia -> Fix"
10922,0,690000.00,Loi Stock -> Fix: 0
10933,0,760000.00,Loi Stock -> Fix: 0
10937,20,50000.00," | Loi Gia -> Fix"
10957,23,50000.00," | Loi Gia -> Fix"
10963,0,180000.00,Loi Stock -> Fix: 0
10972,0,830000.00,Loi Stock -> Fix: 0
10989,0,520000.00,Loi Stock -> Fix: 0
11000,16,50000.00," | Loi Gia -> Fix"
11008,0,100000.00,Loi Stock -> Fix: 0
11020,0,430000.00,Loi Stock -> Fix: 0
11025,30,50000.00," | Loi Gia -> Fix"
11029,24,50000.00," | Loi Gia -> Fix"
11037,4,50000.00," | Loi Gia -> Fix"
11051,0,880000.00,Loi Stock -> Fix: 0
11054,0,720000.00,Loi Stock -> Fix: 0
11056,0,510000.00,Loi Stock -> Fix: 0
11070,7,50000.00," | Loi Gia -> Fix"
11072,47,50000.00," | Loi Gia -> Fix"
11082,0,260000.00,Loi Stock -> Fix: 0
11099,0,390000.00,Loi Stock -> Fix: 0
11104,0,310000.00,Loi Stock -> Fix: 0
11113,21,50000.00," | Loi Gia -> Fix"
11119,0,40000.00,Loi Stock -> Fix: 0
11125,48,50000.00," | Loi Gia -> Fix"
11134,9,50000.00," | Loi Gia -> Fix"
11150,14,50000.00," | Loi Gia -> Fix"
11159,19,50000.00," | Loi Gia -> Fix"
11165,0,220000.00,Loi Stock -> Fix: 0
11172,6,50000.00," | Loi Gia -> Fix"
11173,0,720000.00,Loi Stock -> Fix: 0
11174,27,50000.00," | Loi Gia -> Fix"
11179,0,700000.00,Loi Stock -> Fix: 0
11190,32,50000.00," | Loi Gia -> Fix"
11191,23,50000.00," | Loi Gia -> Fix"
11194,0,970000.00,Loi Stock -> Fix: 0
11201,0,330000.00,Loi Stock -> Fix: 0
11217,20,50000.00," | Loi Gia -> Fix"
11246,0,330000.00,Loi Stock -> Fix: 0
11248,0,790000.00,Loi Stock -> Fix: 0
11250,0,620000.00,Loi Stock -> Fix: 0
11253,20,50000.00," | Loi Gia -> Fix"
11271,0,390000.00,Loi Stock -> Fix: 0
11278,40,50000.00," | Loi Gia -> Fix"
11285,20,50000.00," | Loi Gia -> Fix"
11288,0,670000.00,Loi Stock -> Fix: 0
11290,40,50000.00," | Loi Gia -> Fix"
11292,0,880000.00,Loi Stock -> Fix: 0
11305,0,360000.00,Loi Stock -> Fix: 0
11308,0,300000.00,Loi Stock -> Fix: 0
11319,20,50000.00," | Loi Gia -> Fix"
11323,36,50000.00," | Loi Gia -> Fix"
11326,0,480000.00,Loi Stock -> Fix: 0
11346,7,50000.00," | Loi Gia -> Fix"
11359,0,230000.00,Loi Stock -> Fix: 0
11360,0,920000.00,Loi Stock -> Fix: 0
11361,0,60000.00,Loi Stock -> Fix: 0
11386,6,50000.00," | Loi Gia -> Fix"
11391,17,50000.00," | Loi Gia -> Fix"
11394,9,50000.00," | Loi Gia -> Fix"
11395,0,390000.00,Loi Stock -> Fix: 0
11408,9,50000.00," | Loi Gia -> Fix"
11418,20,50000.00," | Loi Gia -> Fix"
11425,25,50000.00," | Loi Gia -> Fix"
11430,2,50000.00," | Loi Gia -> Fix"
11442,16,50000.00," | Loi Gia -> Fix"
11454,3,50000.00," | Loi Gia -> Fix"
11455,0,380000.00,Loi Stock -> Fix: 0
11459,44,50000.00," | Loi Gia -> Fix"
11468,0,480000.00,Loi Stock -> Fix: 0
11471,40,50000.00," | Loi Gia -> Fix"
11475,0,740000.00,Loi Stock -> Fix: 0
11483,0,360000.00,Loi Stock -> Fix: 0
11495,13,50000.00," | Loi Gia -> Fix"
11497,0,870000.00,Loi Stock -> Fix: 0
11499,39,50000.00," | Loi Gia -> Fix"
11503,47,50000.00," | Loi Gia -> Fix"
11505,32,50000.00," | Loi Gia -> Fix"
11522,45,50000.00," | Loi Gia -> Fix"
11547,31,50000.00," | Loi Gia -> Fix"
11562,0,290000.00,Loi Stock -> Fix: 0
11573,43,50000.00," | Loi Gia -> Fix"
11577,0,630000.00,Loi Stock -> Fix: 0
11584,0,800000.00,Loi Stock -> Fix: 0
11585,0,200000.00,Loi Stock -> Fix: 0
11592,0,650000.00,Loi Stock -> Fix: 0
11598,24,50000.00," | Loi Gia -> Fix"
11600,0,270000.00,Loi Stock -> Fix: 0
11605,10,50000.00," | Loi Gia -> Fix"
11610,0,340000.00,Loi Stock -> Fix: 0
11611,42,50000.00," | Loi Gia -> Fix"
11617,0,360000.00,Loi Stock -> Fix: 0
11619,4,50000.00," | Loi Gia -> Fix"
11636,37,50000.00," | Loi Gia -> Fix"
11651,0,700000.00,Loi Stock -> Fix: 0
11654,41,50000.00," | Loi Gia -> Fix"
11675,0,580000.00,Loi Stock -> Fix: 0
11679,0,880000.00,Loi Stock -> Fix: 0
11681,5,50000.00," | Loi Gia -> Fix"
11685,0,350000.00,Loi Stock -> Fix: 0
11689,0,10000.00,Loi Stock -> Fix: 0
11702,37,50000.00," | Loi Gia -> Fix"
11703,16,50000.00," | Loi Gia -> Fix"
11704,0,150000.00,Loi Stock -> Fix: 0
11718,0,620000.00,Loi Stock -> Fix: 0
11726,19,50000.00," | Loi Gia -> Fix"
11731,0,840000.00,Loi Stock -> Fix: 0
11735,17,50000.00," | Loi Gia -> Fix"
11756,0,540000.00,Loi Stock -> Fix: 0
11762,35,50000.00," | Loi Gia -> Fix"
11767,0,130000.00,Loi Stock -> Fix: 0
11771,0,460000.00,Loi Stock -> Fix: 0
11779,36,50000.00," | Loi Gia -> Fix"
11780,0,130000.00,Loi Stock -> Fix: 0
11783,0,990000.00,Loi Stock -> Fix: 0
11784,0,10000.00,Loi Stock -> Fix: 0
11793,1,50000.00," | Loi Gia -> Fix"
11795,0,270000.00,Loi Stock -> Fix: 0
11799,0,490000.00,Loi Stock -> Fix: 0
11801,26,50000.00," | Loi Gia -> Fix"
11803,0,900000.00,Loi Stock -> Fix: 0
11811,0,70000.00,Loi Stock -> Fix: 0
11814,17,50000.00," | Loi Gia -> Fix"
11819,44,50000.00," | Loi Gia -> Fix"
11823,14,50000.00," | Loi Gia -> Fix"
11828,40,50000.00," | Loi Gia -> Fix"
11835,47,50000.00," | Loi Gia -> Fix"
11840,38,50000.00," | Loi Gia -> Fix"
11844,40,50000.00," | Loi Gia -> Fix"
11848,17,50000.00," | Loi Gia -> Fix"
11857,0,310000.00,Loi Stock -> Fix: 0
11863,48,50000.00," | Loi Gia -> Fix"
11877,0,830000.00,Loi Stock -> Fix: 0
11879,0,850000.00,Loi Stock -> Fix: 0
11898,0,970000.00,Loi Stock -> Fix: 0
11913,0,990000.00,Loi Stock -> Fix: 0
11916,0,360000.00,Loi Stock -> Fix: 0
11919,0,50000.00,Loi Stock -> Fix: 0
11920,19,50000.00," | Loi Gia -> Fix"
11927,0,720000.00,Loi Stock -> Fix: 0
11931,0,940000.00,Loi Stock -> Fix: 0
11941,0,200000.00,Loi Stock -> Fix: 0
11945,0,540000.00,Loi Stock -> Fix: 0
11950,0,400000.00,Loi Stock -> Fix: 0
11960,22,50000.00," | Loi Gia -> Fix"
11975,0,800000.00,Loi Stock -> Fix: 0
11996,0,680000.00,Loi Stock -> Fix: 0
12000,37,50000.00," | Loi Gia -> Fix"
